actor_grad_norm,actor_loss,batch_in_epoch,batch_size,critic_grad_norm,critic_loss,critic_loss_unweighted,epoch,local_step,q1,reference_deviation_abs_max,reference_deviation_abs_mean,reference_deviation_penalty,reference_deviation_penalty_coef,reference_deviation_penalty_w,rl_loss,rl_loss_w,step,target_q_clip
0.072008,-0.282888,0.0,256.0,11.834735,2.165668,2.165668,0.0,0.0,,1.692342,0.129169,0.024599,10.0,0.245988,-0.528876,-0.528876,0.0,
,,1.0,256.0,,2.29595,2.29595,0.0,1.0,0.524156,,,,,,,,1.0,0.308594
0.107695,-0.223192,2.0,256.0,9.197738,2.299891,2.299891,0.0,2.0,,1.555577,0.128254,0.024609,10.0,0.246092,-0.469284,-0.469284,2.0,
,,3.0,256.0,,2.372066,2.372066,0.0,3.0,0.52983,,,,,,,,3.0,0.320312
0.074479,-0.320229,4.0,256.0,13.211139,2.009071,2.009071,0.0,4.0,,1.681425,0.128433,0.024864,10.0,0.248644,-0.568873,-0.568873,4.0,
,,5.0,256.0,,1.99504,1.99504,0.0,5.0,0.512737,,,,,,,,5.0,0.339844
0.100469,-0.238353,6.0,256.0,10.536157,2.131222,2.131222,0.0,6.0,,1.555408,0.137812,0.030611,10.0,0.306114,-0.544467,-0.544467,6.0,
,,7.0,256.0,,2.300177,2.300177,0.0,7.0,0.492143,,,,,,,,7.0,0.324219
0.078479,-0.215875,8.0,256.0,14.148131,2.268547,2.268547,0.0,8.0,,1.824818,0.134771,0.030542,10.0,0.305418,-0.521293,-0.521293,8.0,
,,9.0,256.0,,2.386215,2.386215,0.0,9.0,0.553537,,,,,,,,9.0,0.320312
0.069849,-0.293428,10.0,256.0,22.865387,2.354728,2.354728,0.0,10.0,,1.924259,0.128224,0.024574,10.0,0.245735,-0.539163,-0.539163,10.0,
,,11.0,256.0,,2.090294,2.090294,0.0,11.0,0.540031,,,,,,,,11.0,0.328125
0.084112,-0.128523,12.0,256.0,20.277243,2.018058,2.018058,0.0,12.0,,5.673887,0.131182,0.037083,10.0,0.370835,-0.499358,-0.499358,12.0,
,,13.0,256.0,,2.23131,2.23131,0.0,13.0,0.506783,,,,,,,,13.0,0.3125
0.075976,-0.195535,14.0,256.0,29.485197,1.977795,1.977795,0.0,14.0,,3.675804,0.137106,0.034584,10.0,0.345845,-0.541379,-0.541379,14.0,
,,15.0,256.0,,2.195183,2.195183,0.0,15.0,0.547091,,,,,,,,15.0,0.351562
0.080515,-0.252479,16.0,256.0,31.879522,2.578729,2.578729,0.0,16.0,,1.702208,0.131953,0.026095,10.0,0.260954,-0.513434,-0.513434,16.0,
,,17.0,256.0,,2.179255,2.179255,0.0,17.0,0.534299,,,,,,,,17.0,0.332031
0.0805,-0.272929,18.0,256.0,22.795351,2.363693,2.363693,0.0,18.0,,1.797141,0.131253,0.027872,10.0,0.27872,-0.55165,-0.55165,18.0,
,,19.0,256.0,,2.303397,2.303397,0.0,19.0,0.543101,,,,,,,,19.0,0.339844
0.081623,-0.20275,20.0,256.0,20.301559,2.216532,2.216532,0.0,20.0,,2.01472,0.133491,0.028879,10.0,0.288792,-0.491542,-0.491542,20.0,
,,21.0,256.0,,2.04965,2.04965,0.0,21.0,0.507893,,,,,,,,21.0,0.3125
0.089363,-0.131508,22.0,256.0,22.817404,2.310125,2.310125,0.0,22.0,,2.438849,0.13802,0.029962,10.0,0.299617,-0.431125,-0.431125,22.0,
,,23.0,256.0,,2.144196,2.144196,0.0,23.0,0.447829,,,,,,,,23.0,0.289062
0.070766,-0.249132,24.0,256.0,20.644661,2.315764,2.315764,0.0,24.0,,1.696852,0.129059,0.026913,10.0,0.26913,-0.518261,-0.518261,24.0,
,,25.0,256.0,,2.223968,2.223968,0.0,25.0,0.50023,,,,,,,,25.0,0.304688
0.06922,-0.219451,26.0,256.0,13.767383,2.440966,2.440966,0.0,26.0,,1.538789,0.129827,0.025546,10.0,0.255463,-0.474914,-0.474914,26.0,
,,27.0,256.0,,2.454211,2.454211,0.0,27.0,0.519422,,,,,,,,27.0,0.296875
0.082734,-0.268787,28.0,256.0,14.638003,2.111559,2.111559,0.0,28.0,,1.526884,0.129233,0.025255,10.0,0.25255,-0.521336,-0.521336,28.0,
,,29.0,256.0,,2.230929,2.230929,0.0,29.0,0.517632,,,,,,,,29.0,0.347656
0.086467,-0.178793,30.0,256.0,12.445112,2.138519,2.138519,0.0,30.0,,1.867391,0.131397,0.027626,10.0,0.276264,-0.455057,-0.455057,30.0,
,,31.0,256.0,,2.227585,2.227585,0.0,31.0,0.532057,,,,,,,,31.0,0.308594
0.099598,0.085512,32.0,256.0,23.204531,2.283272,2.283272,0.0,32.0,,7.464118,0.13406,0.052948,10.0,0.529483,-0.443971,-0.443971,32.0,
,,33.0,256.0,,2.060824,2.060824,0.0,33.0,0.55392,,,,,,,,33.0,0.355469
0.069871,-0.222369,34.0,256.0,10.286983,2.077196,2.077196,0.0,34.0,,1.664404,0.131152,0.027054,10.0,0.270537,-0.492906,-0.492906,34.0,
,,35.0,256.0,,2.101498,2.101498,0.0,35.0,0.507035,,,,,,,,35.0,0.332031
0.07015,-0.284514,36.0,256.0,8.409206,1.890523,1.890523,0.0,36.0,,1.707669,0.131351,0.026164,10.0,0.261636,-0.54615,-0.54615,36.0,
,,37.0,256.0,,2.338575,2.338575,0.0,37.0,0.520482,,,,,,,,37.0,0.316406
0.130487,-0.215629,38.0,256.0,7.036644,2.21015,2.21015,0.0,38.0,,2.891107,0.122811,0.021941,10.0,0.219412,-0.435042,-0.435042,38.0,
,,39.0,256.0,,2.18526,2.18526,0.0,39.0,0.499473,,,,,,,,39.0,0.335938
0.067849,-0.240894,40.0,256.0,14.133004,2.317916,2.317916,0.0,40.0,,1.596554,0.132712,0.028012,10.0,0.280125,-0.521018,-0.521018,40.0,
,,41.0,256.0,,2.111879,2.111879,0.0,41.0,0.550805,,,,,,,,41.0,0.332031
0.082103,-0.22642,42.0,256.0,14.060561,2.060736,2.060736,0.0,42.0,,1.964584,0.129147,0.025151,10.0,0.251514,-0.477935,-0.477935,42.0,
,,43.0,256.0,,1.994968,1.994968,0.0,43.0,0.533153,,,,,,,,43.0,0.386719
0.075507,-0.240173,44.0,256.0,24.517111,2.079604,2.079604,0.0,44.0,,1.696081,0.129112,0.025365,10.0,0.253652,-0.493825,-0.493825,44.0,
,,45.0,256.0,,1.851617,1.851617,0.0,45.0,0.485229,,,,,,,,45.0,0.324219
0.067581,-0.248427,46.0,256.0,20.185619,2.654188,2.654188,0.0,46.0,,1.87016,0.128289,0.02521,10.0,0.252101,-0.500528,-0.500528,46.0,
,,47.0,256.0,,2.191549,2.191549,0.0,47.0,0.577465,,,,,,,,47.0,0.363281
0.089928,-0.218257,48.0,256.0,21.952881,2.058094,2.058094,0.0,48.0,,1.877983,0.134145,0.029699,10.0,0.296992,-0.515249,-0.515249,48.0,
,,49.0,256.0,,2.185105,2.185105,0.0,49.0,0.491294,,,,,,,,49.0,0.316406
0.067995,-0.249622,50.0,256.0,26.665539,2.404351,2.404351,0.0,50.0,,1.600865,0.126543,0.02348,10.0,0.234799,-0.484421,-0.484421,50.0,
,,51.0,256.0,,2.239702,2.239702,0.0,51.0,0.488596,,,,,,,,51.0,0.300781
0.069,-0.162467,52.0,256.0,17.74094,1.969351,1.969351,0.0,52.0,,1.724856,0.135655,0.03088,10.0,0.308805,-0.471271,-0.471271,52.0,
,,53.0,256.0,,2.110735,2.110735,0.0,53.0,0.501551,,,,,,,,53.0,0.292969
0.069933,-0.185983,54.0,256.0,20.173157,1.945419,1.945419,0.0,54.0,,1.755173,0.141468,0.034014,10.0,0.340139,-0.526122,-0.526122,54.0,
,,55.0,256.0,,2.155267,2.155267,0.0,55.0,0.470399,,,,,,,,55.0,0.304688
0.066076,-0.23863,56.0,256.0,13.103749,2.319021,2.319021,0.0,56.0,,1.691215,0.134219,0.027827,10.0,0.278269,-0.516899,-0.516899,56.0,
,,57.0,256.0,,2.122035,2.122035,0.0,57.0,0.517959,,,,,,,,57.0,0.3125
0.066311,-0.241602,58.0,256.0,13.245208,2.417058,2.417058,0.0,58.0,,1.995274,0.128796,0.025456,10.0,0.254562,-0.496164,-0.496164,58.0,
,,59.0,256.0,,2.03977,2.03977,0.0,59.0,0.473994,,,,,,,,59.0,0.308594
0.065833,-0.144218,60.0,256.0,11.417654,2.173036,2.173036,0.0,60.0,,1.658297,0.137563,0.032605,10.0,0.326055,-0.470273,-0.470273,60.0,
,,61.0,256.0,,2.554308,2.554308,0.0,61.0,0.486044,,,,,,,,61.0,0.273438
0.084733,-0.182742,62.0,256.0,17.000937,2.106398,2.106398,0.0,62.0,,1.916806,0.133434,0.028977,10.0,0.289772,-0.472514,-0.472514,62.0,
,,63.0,256.0,,2.239636,2.239636,0.0,63.0,0.512108,,,,,,,,63.0,0.339844
0.07327,-0.234588,64.0,256.0,14.473867,1.930042,1.930042,0.0,64.0,,1.697645,0.132212,0.02851,10.0,0.285103,-0.519691,-0.519691,64.0,
,,65.0,256.0,,1.92496,1.92496,0.0,65.0,0.498342,,,,,,,,65.0,0.316406
0.084771,-0.139963,66.0,256.0,9.348467,2.106574,2.106574,0.0,66.0,,3.623266,0.138119,0.036898,10.0,0.368978,-0.508941,-0.508941,66.0,
,,67.0,256.0,,2.125006,2.125006,0.0,67.0,0.504799,,,,,,,,67.0,0.332031
0.067712,-0.228592,68.0,256.0,15.611571,1.931623,1.931623,0.0,68.0,,3.10217,0.132514,0.028465,10.0,0.284646,-0.513237,-0.513237,68.0,
,,69.0,256.0,,2.045584,2.045584,0.0,69.0,0.527399,,,,,,,,69.0,0.296875
0.076272,-0.263449,70.0,256.0,10.601797,2.10227,2.10227,0.0,70.0,,1.916575,0.127257,0.023707,10.0,0.237067,-0.500517,-0.500517,70.0,
,,71.0,256.0,,1.950898,1.950898,0.0,71.0,0.481948,,,,,,,,71.0,0.332031
0.080852,-0.170464,72.0,256.0,10.913711,1.986742,1.986742,0.0,72.0,,1.777945,0.136938,0.030702,10.0,0.307023,-0.477487,-0.477487,72.0,
,,73.0,256.0,,2.206345,2.206345,0.0,73.0,0.533132,,,,,,,,73.0,0.308594
0.067105,-0.200079,74.0,256.0,13.165942,1.828774,1.828774,0.0,74.0,,1.606584,0.13597,0.030313,10.0,0.303129,-0.503208,-0.503208,74.0,
,,75.0,256.0,,2.235064,2.235064,0.0,75.0,0.491308,,,,,,,,75.0,0.300781
0.076653,-0.223923,76.0,256.0,13.747157,2.313569,2.313569,0.0,76.0,,1.588223,0.130719,0.026815,10.0,0.268151,-0.492074,-0.492074,76.0,
,,77.0,256.0,,1.983086,1.983086,0.0,77.0,0.576511,,,,,,,,77.0,0.378906
0.070392,-0.197815,78.0,256.0,14.24597,2.000616,2.000616,0.0,78.0,,1.562309,0.135474,0.030591,10.0,0.305912,-0.503727,-0.503727,78.0,
,,79.0,256.0,,2.156401,2.156401,0.0,79.0,0.554594,,,,,,,,79.0,0.335938
0.078446,-0.228793,80.0,256.0,14.580874,2.459452,2.459452,0.0,80.0,,1.816993,0.125946,0.023476,10.0,0.234761,-0.463555,-0.463555,80.0,
,,81.0,256.0,,1.855952,1.855952,0.0,81.0,0.537131,,,,,,,,81.0,0.351562
0.060954,-0.172158,82.0,256.0,15.294646,2.104108,2.104108,0.0,82.0,,2.94882,0.137928,0.033711,10.0,0.337106,-0.509264,-0.509264,82.0,
,,83.0,256.0,,2.165663,2.165663,0.0,83.0,0.593354,,,,,,,,83.0,0.34375
0.074953,-0.191259,84.0,256.0,15.104679,2.039944,2.039944,0.0,84.0,,1.761522,0.130863,0.027926,10.0,0.279258,-0.470516,-0.470516,84.0,
,,85.0,256.0,,2.35452,2.35452,0.0,85.0,0.500014,,,,,,,,85.0,0.3125
0.066383,-0.306817,86.0,256.0,17.35902,2.012153,2.012153,0.0,86.0,,1.609373,0.127173,0.024756,10.0,0.247557,-0.554374,-0.554374,86.0,
,,87.0,256.0,,2.088336,2.088336,0.0,87.0,0.536819,,,,,,,,87.0,0.355469
0.076838,-0.181138,88.0,256.0,10.35095,2.287808,2.287808,0.0,88.0,,4.510528,0.134222,0.034565,10.0,0.345653,-0.526791,-0.526791,88.0,
,,89.0,256.0,,2.065906,2.065906,0.0,89.0,0.543518,,,,,,,,89.0,0.320312
0.085741,-0.202287,90.0,256.0,10.136048,2.247929,2.247929,0.0,90.0,,1.581758,0.131022,0.0273,10.0,0.272998,-0.475285,-0.475285,90.0,
,,91.0,256.0,,2.308568,2.308568,0.0,91.0,0.578047,,,,,,,,91.0,0.34375
0.093746,-0.013763,92.0,256.0,30.025093,2.120155,2.120155,0.0,92.0,,4.380017,0.14317,0.045656,10.0,0.456561,-0.470324,-0.470324,92.0,
,,93.0,256.0,,2.207494,2.207494,0.0,93.0,0.569851,,,,,,,,93.0,0.367188
0.062029,-0.281938,94.0,256.0,19.869904,2.50871,2.50871,0.0,94.0,,4.823313,0.122897,0.026101,10.0,0.261005,-0.542943,-0.542943,94.0,
,,95.0,256.0,,2.616189,2.616189,0.0,95.0,0.575888,,,,,,,,95.0,0.351562
0.078146,-0.139214,96.0,256.0,15.872508,2.100077,2.100077,0.0,96.0,,1.697035,0.134286,0.029102,10.0,0.291019,-0.430233,-0.430233,96.0,
,,97.0,256.0,,2.221255,2.221255,0.0,97.0,0.472848,,,,,,,,97.0,0.3125
0.069521,-0.241686,98.0,256.0,35.216488,2.267715,2.267715,0.0,98.0,,1.718645,0.135432,0.030292,10.0,0.302918,-0.544604,-0.544604,98.0,
,,99.0,256.0,,1.919512,1.919512,0.0,99.0,0.572319,,,,,,,,99.0,0.375
0.103265,-0.184238,100.0,256.0,13.247519,2.174227,2.174227,0.0,100.0,,2.91623,0.130574,0.028733,10.0,0.28733,-0.471567,-0.471567,100.0,
,,101.0,256.0,,2.418633,2.418633,0.0,101.0,0.561842,,,,,,,,101.0,0.316406
0.079125,-0.224874,102.0,256.0,5.641098,2.199094,2.199094,0.0,102.0,,1.53486,0.135429,0.029315,10.0,0.293147,-0.518021,-0.518021,102.0,
,,103.0,256.0,,2.73692,2.73692,0.0,103.0,0.538066,,,,,,,,103.0,0.351562
0.065606,-0.193639,104.0,256.0,17.671455,1.953195,1.953195,0.0,104.0,,1.8847,0.138407,0.032362,10.0,0.323624,-0.517263,-0.517263,104.0,
,,105.0,256.0,,1.996854,1.996854,0.0,105.0,0.546534,,,,,,,,105.0,0.34375
0.075505,-0.217075,106.0,256.0,18.511541,2.379624,2.379624,0.0,106.0,,1.840157,0.12914,0.026205,10.0,0.262046,-0.479121,-0.479121,106.0,
,,107.0,256.0,,2.508832,2.508832,0.0,107.0,0.529995,,,,,,,,107.0,0.328125
0.066984,-0.218666,108.0,256.0,17.124559,2.393781,2.393781,0.0,108.0,,1.458738,0.133327,0.028323,10.0,0.283233,-0.501899,-0.501899,108.0,
,,109.0,256.0,,2.385172,2.385172,0.0,109.0,0.527132,,,,,,,,109.0,0.304688
0.065424,-0.155387,110.0,256.0,12.081988,2.107204,2.107204,0.0,110.0,,2.125936,0.139098,0.032215,10.0,0.322152,-0.477539,-0.477539,110.0,
,,111.0,256.0,,2.352365,2.352365,0.0,111.0,0.464668,,,,,,,,111.0,0.308594
0.075265,-0.243847,112.0,256.0,10.544723,2.108222,2.108222,0.0,112.0,,1.487461,0.127771,0.025758,10.0,0.257582,-0.501429,-0.501429,112.0,
,,113.0,256.0,,2.326095,2.326095,0.0,113.0,0.540724,,,,,,,,113.0,0.347656
0.077942,-0.345658,114.0,256.0,22.303854,2.421931,2.421931,0.0,114.0,,1.975775,0.125661,0.022781,10.0,0.227815,-0.573473,-0.573473,114.0,
,,115.0,256.0,,2.315484,2.315484,0.0,115.0,0.535829,,,,,,,,115.0,0.367188
0.063832,-0.178374,116.0,256.0,20.283573,2.121419,2.121419,0.0,116.0,,1.669804,0.134822,0.03161,10.0,0.316096,-0.494471,-0.494471,116.0,
,,117.0,256.0,,2.041118,2.041118,0.0,117.0,0.523416,,,,,,,,117.0,0.324219
0.070708,-0.16728,118.0,256.0,19.557938,2.162782,2.162782,0.0,118.0,,5.106719,0.129151,0.033523,10.0,0.335232,-0.502512,-0.502512,118.0,
,,119.0,256.0,,2.453641,2.453641,0.0,119.0,0.494236,,,,,,,,119.0,0.269531
0.074857,-0.146016,120.0,256.0,22.842466,1.977439,1.977439,0.0,120.0,,5.09964,0.129567,0.033764,10.0,0.337641,-0.483656,-0.483656,120.0,
,,121.0,256.0,,2.159396,2.159396,0.0,121.0,0.562849,,,,,,,,121.0,0.335938
0.064237,-0.218081,122.0,256.0,20.096968,2.375109,2.375109,0.0,122.0,,1.818122,0.131383,0.026898,10.0,0.268984,-0.487065,-0.487065,122.0,
,,123.0,256.0,,2.238462,2.238462,0.0,123.0,0.523175,,,,,,,,123.0,0.285156
0.084363,-0.23487,124.0,256.0,17.259567,1.887333,1.887333,0.0,124.0,,1.996909,0.129135,0.026707,10.0,0.267071,-0.501941,-0.501941,124.0,
,,125.0,256.0,,2.254806,2.254806,0.0,125.0,0.491595,,,,,,,,125.0,0.296875
0.066704,-0.193311,126.0,256.0,18.090029,2.467513,2.467513,0.0,126.0,,4.461506,0.131235,0.035516,10.0,0.355156,-0.548467,-0.548467,126.0,
,,127.0,256.0,,2.336502,2.336502,0.0,127.0,0.4964,,,,,,,,127.0,0.289062
0.063257,-0.231846,128.0,256.0,15.701424,2.235449,2.235449,0.0,128.0,,1.879052,0.133886,0.029715,10.0,0.297152,-0.528998,-0.528998,128.0,
,,129.0,256.0,,2.308522,2.308522,0.0,129.0,0.559861,,,,,,,,129.0,0.320312
0.069854,-0.330637,130.0,256.0,21.271175,2.226649,2.226649,0.0,130.0,,1.526086,0.123401,0.019339,10.0,0.193395,-0.524032,-0.524032,130.0,
,,131.0,256.0,,2.2719,2.2719,0.0,131.0,0.530255,,,,,,,,131.0,0.308594
0.082566,-0.28226,132.0,256.0,8.824444,2.139733,2.139733,0.0,132.0,,2.695624,0.124006,0.02271,10.0,0.227097,-0.509356,-0.509356,132.0,
,,133.0,256.0,,2.09376,2.09376,0.0,133.0,0.503945,,,,,,,,133.0,0.316406
0.071376,-0.113177,134.0,256.0,16.651438,2.206041,2.206041,0.0,134.0,,5.613495,0.133949,0.038964,10.0,0.389638,-0.502815,-0.502815,134.0,
,,135.0,256.0,,1.953083,1.953083,0.0,135.0,0.558043,,,,,,,,135.0,0.339844
0.067598,-0.271316,136.0,256.0,16.787346,2.266572,2.266572,0.0,136.0,,1.527691,0.128801,0.024855,10.0,0.248552,-0.519868,-0.519868,136.0,
,,137.0,256.0,,2.254735,2.254735,0.0,137.0,0.533706,,,,,,,,137.0,0.328125
0.095138,-0.302026,138.0,256.0,16.254053,2.327765,2.327765,0.0,138.0,,1.781175,0.126554,0.024849,10.0,0.248493,-0.550519,-0.550519,138.0,
,,139.0,256.0,,2.05263,2.05263,0.0,139.0,0.502276,,,,,,,,139.0,0.320312
0.058885,-0.141991,140.0,256.0,14.06778,2.222715,2.222715,0.0,140.0,,1.821747,0.140043,0.034709,10.0,0.34709,-0.489081,-0.489081,140.0,
,,141.0,256.0,,2.160489,2.160489,0.0,141.0,0.556731,,,,,,,,141.0,0.371094
0.093075,-0.245388,142.0,256.0,13.629699,2.140121,2.140121,0.0,142.0,,1.743404,0.131983,0.02688,10.0,0.268798,-0.514186,-0.514186,142.0,
,,143.0,256.0,,2.091839,2.091839,0.0,143.0,0.460647,,,,,,,,143.0,0.277344
0.062853,-0.206913,144.0,256.0,12.85361,1.979542,1.979542,0.0,144.0,,1.717102,0.129454,0.027181,10.0,0.271811,-0.478724,-0.478724,144.0,
,,145.0,256.0,,1.918279,1.918279,0.0,145.0,0.554049,,,,,,,,145.0,0.378906
0.068793,-0.244135,146.0,256.0,17.970732,2.118038,2.118038,0.0,146.0,,3.003709,0.127205,0.026454,10.0,0.264536,-0.508671,-0.508671,146.0,
,,147.0,256.0,,2.178291,2.178291,0.0,147.0,0.591054,,,,,,,,147.0,0.335938
0.069005,-0.313597,148.0,256.0,13.127416,2.0605,2.0605,0.0,148.0,,4.771634,0.125082,0.025995,10.0,0.259953,-0.573549,-0.573549,148.0,
,,149.0,256.0,,2.073742,2.073742,0.0,149.0,0.523389,,,,,,,,149.0,0.328125
0.093363,-0.313333,150.0,256.0,19.639174,2.156843,2.156843,0.0,150.0,,2.133407,0.122733,0.022511,10.0,0.225107,-0.53844,-0.53844,150.0,
,,151.0,256.0,,2.134477,2.134477,0.0,151.0,0.512241,,,,,,,,151.0,0.296875
0.070208,-0.287783,152.0,256.0,30.405437,2.244369,2.244369,0.0,152.0,,1.361515,0.125415,0.023756,10.0,0.237563,-0.525346,-0.525346,152.0,
,,153.0,256.0,,2.183708,2.183708,0.0,153.0,0.490323,,,,,,,,153.0,0.277344
0.072467,-0.244334,154.0,256.0,32.059273,2.330294,2.330294,0.0,154.0,,1.553006,0.132376,0.02643,10.0,0.264295,-0.508629,-0.508629,154.0,
,,155.0,256.0,,2.197376,2.197376,0.0,155.0,0.519546,,,,,,,,155.0,0.339844
0.070955,-0.311737,156.0,256.0,13.829653,2.010395,2.010395,0.0,156.0,,1.500962,0.125005,0.023436,10.0,0.234363,-0.5461,-0.5461,156.0,
,,157.0,256.0,,2.002628,2.002628,0.0,157.0,0.549398,,,,,,,,157.0,0.355469
0.059127,-0.086857,158.0,256.0,12.612184,2.127594,2.127594,0.0,158.0,,1.638624,0.143688,0.037241,10.0,0.372413,-0.45927,-0.45927,158.0,
,,159.0,256.0,,2.078663,2.078663,0.0,159.0,0.52488,,,,,,,,159.0,0.332031
0.067805,-0.268558,160.0,256.0,6.564085,2.025062,2.025062,0.0,160.0,,2.797073,0.124929,0.025831,10.0,0.258314,-0.526872,-0.526872,160.0,
,,161.0,256.0,,2.053015,2.053015,0.0,161.0,0.552483,,,,,,,,161.0,0.371094
0.087605,-0.312209,162.0,256.0,20.634565,1.954836,1.954836,0.0,162.0,,2.073321,0.127636,0.023937,10.0,0.239372,-0.551581,-0.551581,162.0,
,,163.0,256.0,,2.031467,2.031467,0.0,163.0,0.523826,,,,,,,,163.0,0.34375
0.061674,-0.248688,164.0,256.0,17.055698,2.024177,2.024177,0.0,164.0,,2.0042,0.133004,0.029133,10.0,0.291332,-0.54002,-0.54002,164.0,
,,165.0,256.0,,2.058541,2.058541,0.0,165.0,0.549948,,,,,,,,165.0,0.355469
0.061257,-0.190245,166.0,256.0,18.147333,2.315534,2.315534,0.0,166.0,,1.74996,0.136914,0.030453,10.0,0.304532,-0.494777,-0.494777,166.0,
,,167.0,256.0,,2.14925,2.14925,0.0,167.0,0.528674,,,,,,,,167.0,0.347656
0.084414,-0.199789,168.0,256.0,17.721178,2.161623,2.161623,0.0,168.0,,1.77311,0.134844,0.030566,10.0,0.305657,-0.505447,-0.505447,168.0,
,,169.0,256.0,,1.874937,1.874937,0.0,169.0,0.493898,,,,,,,,169.0,0.328125
0.060207,-0.197397,170.0,256.0,21.428183,2.097965,2.097965,0.0,170.0,,1.454416,0.132693,0.028308,10.0,0.283084,-0.480481,-0.480481,170.0,
,,171.0,256.0,,2.176583,2.176583,0.0,171.0,0.531818,,,,,,,,171.0,0.308594
0.070787,-0.014477,172.0,256.0,25.709085,2.014845,2.014845,0.0,172.0,,9.212473,0.136753,0.047875,10.0,0.478746,-0.493223,-0.493223,172.0,
,,173.0,256.0,,2.065441,2.065441,0.0,173.0,0.567887,,,,,,,,173.0,0.359375
0.064711,-0.304893,174.0,256.0,26.698988,1.969126,1.969126,0.0,174.0,,1.413763,0.121404,0.020673,10.0,0.206735,-0.511628,-0.511628,174.0,
,,175.0,256.0,,2.179843,2.179843,0.0,175.0,0.517339,,,,,,,,175.0,0.328125
0.065141,-0.126615,176.0,256.0,24.552811,2.242371,2.242371,0.0,176.0,,1.811177,0.141214,0.035845,10.0,0.358446,-0.485061,-0.485061,176.0,
,,177.0,256.0,,2.258111,2.258111,0.0,177.0,0.518084,,,,,,,,177.0,0.296875
0.068909,-0.228077,178.0,256.0,27.668755,2.198381,2.198381,0.0,178.0,,1.524356,0.126479,0.02473,10.0,0.247304,-0.475381,-0.475381,178.0,
,,179.0,256.0,,2.166632,2.166632,0.0,179.0,0.531886,,,,,,,,179.0,0.3125
0.086152,-0.288539,180.0,256.0,45.386131,2.648862,2.648862,0.0,180.0,,1.703097,0.119754,0.0201,10.0,0.200996,-0.489534,-0.489534,180.0,
,,181.0,256.0,,2.313019,2.313019,0.0,181.0,0.568689,,,,,,,,181.0,0.347656
0.079735,-0.20742,182.0,256.0,19.261795,2.166934,2.166934,0.0,182.0,,1.748673,0.133368,0.030113,10.0,0.301132,-0.508552,-0.508552,182.0,
,,183.0,256.0,,2.144461,2.144461,0.0,183.0,0.568464,,,,,,,,183.0,0.335938
0.059224,-0.145479,184.0,256.0,22.120005,2.321638,2.321638,0.0,184.0,,2.246366,0.13744,0.033757,10.0,0.337574,-0.483053,-0.483053,184.0,
,,185.0,256.0,,2.25456,2.25456,0.0,185.0,0.536623,,,,,,,,185.0,0.332031
0.0655,-0.312881,186.0,256.0,15.604414,1.965842,1.965842,0.0,186.0,,1.733303,0.124155,0.023988,10.0,0.239875,-0.552756,-0.552756,186.0,
,,187.0,256.0,,2.28929,2.28929,0.0,187.0,0.593643,,,,,,,,187.0,0.351562
0.058335,-0.097684,188.0,256.0,18.880369,2.409293,2.409293,0.0,188.0,,1.54625,0.14223,0.035409,10.0,0.354089,-0.451773,-0.451773,188.0,
,,189.0,256.0,,2.112484,2.112484,0.0,189.0,0.579053,,,,,,,,189.0,0.304688
0.064231,-0.226846,190.0,256.0,25.167334,2.460394,2.460394,0.0,190.0,,1.598726,0.132097,0.028048,10.0,0.280485,-0.507331,-0.507331,190.0,
,,191.0,256.0,,2.032799,2.032799,0.0,191.0,0.526696,,,,,,,,191.0,0.324219
0.065034,-0.24962,192.0,256.0,18.876457,2.264489,2.264489,0.0,192.0,,1.400488,0.128669,0.025975,10.0,0.259753,-0.509373,-0.509373,192.0,
,,193.0,256.0,,2.302262,2.302262,0.0,193.0,0.56064,,,,,,,,193.0,0.332031
0.062468,-0.229599,194.0,256.0,13.971904,2.263853,2.263853,0.0,194.0,,1.830949,0.126643,0.02469,10.0,0.246899,-0.476498,-0.476498,194.0,
,,195.0,256.0,,2.23158,2.23158,0.0,195.0,0.490319,,,,,,,,195.0,0.316406
0.077838,-0.295335,196.0,256.0,20.341795,2.258603,2.258603,0.0,196.0,,1.683547,0.121881,0.021517,10.0,0.215169,-0.510505,-0.510505,196.0,
,,197.0,256.0,,2.182796,2.182796,0.0,197.0,0.522781,,,,,,,,197.0,0.34375
0.063277,-0.134557,198.0,256.0,14.494089,2.356338,2.356338,0.0,198.0,,5.567514,0.130439,0.034698,10.0,0.346981,-0.481538,-0.481538,198.0,
,,199.0,256.0,,2.077035,2.077035,0.0,199.0,0.557848,,,,,,,,199.0,0.375
0.067691,-0.244647,200.0,256.0,9.655482,2.173981,2.173981,0.0,200.0,,1.81411,0.127757,0.025935,10.0,0.25935,-0.503997,-0.503997,200.0,
,,201.0,256.0,,2.05254,2.05254,0.0,201.0,0.531392,,,,,,,,201.0,0.34375
0.068691,-0.302227,202.0,256.0,11.838049,1.953795,1.953795,0.0,202.0,,1.534701,0.12335,0.021942,10.0,0.219421,-0.521648,-0.521648,202.0,
,,203.0,256.0,,1.866812,1.866812,0.0,203.0,0.541102,,,,,,,,203.0,0.34375
0.065945,-0.24721,204.0,256.0,15.137361,2.142439,2.142439,0.0,204.0,,1.823117,0.127433,0.026215,10.0,0.26215,-0.50936,-0.50936,204.0,
,,205.0,256.0,,2.064206,2.064206,0.0,205.0,0.488191,,,,,,,,205.0,0.300781
0.092421,-0.17531,206.0,256.0,10.563217,2.117697,2.117697,0.0,206.0,,1.622835,0.127485,0.026502,10.0,0.26502,-0.44033,-0.44033,206.0,
,,207.0,256.0,,2.255645,2.255645,0.0,207.0,0.515442,,,,,,,,207.0,0.324219
0.070167,-0.203913,208.0,256.0,19.384533,2.073844,2.073844,0.0,208.0,,1.575018,0.133865,0.030302,10.0,0.303019,-0.506932,-0.506932,208.0,
,,209.0,256.0,,2.205168,2.205168,0.0,209.0,0.554343,,,,,,,,209.0,0.308594
0.062459,-0.15055,210.0,256.0,11.231788,2.152288,2.152288,0.0,210.0,,1.729021,0.13415,0.030943,10.0,0.30943,-0.45998,-0.45998,210.0,
,,211.0,256.0,,2.121904,2.121904,0.0,211.0,0.551097,,,,,,,,211.0,0.351562
0.070917,-0.13087,212.0,256.0,29.696684,2.252893,2.252893,0.0,212.0,,4.7979,0.132461,0.033291,10.0,0.332911,-0.463781,-0.463781,212.0,
,,213.0,256.0,,2.062635,2.062635,0.0,213.0,0.575304,,,,,,,,213.0,0.355469
0.066042,-0.346069,214.0,256.0,19.714968,2.266902,2.266902,0.0,214.0,,1.560087,0.119717,0.020076,10.0,0.200758,-0.546827,-0.546827,214.0,
,,215.0,256.0,,2.146609,2.146609,0.0,215.0,0.564057,,,,,,,,215.0,0.320312
0.082594,-0.185342,216.0,256.0,25.036686,2.178721,2.178721,0.0,216.0,,1.619162,0.130927,0.027665,10.0,0.276645,-0.461987,-0.461987,216.0,
,,217.0,256.0,,1.859584,1.859584,0.0,217.0,0.512915,,,,,,,,217.0,0.375
0.064715,-0.167244,218.0,256.0,11.32949,1.998567,1.998567,0.0,218.0,,2.063371,0.132854,0.029573,10.0,0.295728,-0.462972,-0.462972,218.0,
,,219.0,256.0,,1.941318,1.941318,0.0,219.0,0.539475,,,,,,,,219.0,0.375
0.062625,-0.299311,220.0,256.0,11.770355,2.123884,2.123884,0.0,220.0,,1.715621,0.125758,0.024742,10.0,0.247419,-0.54673,-0.54673,220.0,
,,221.0,256.0,,2.190818,2.190818,0.0,221.0,0.568953,,,,,,,,221.0,0.324219
0.079333,-0.269779,222.0,256.0,7.978365,2.42522,2.42522,0.0,222.0,,1.67005,0.124108,0.023708,10.0,0.237078,-0.506857,-0.506857,222.0,
,,223.0,256.0,,1.920304,1.920304,0.0,223.0,0.587448,,,,,,,,223.0,0.402344
0.069287,-0.062641,224.0,256.0,18.649908,2.28775,2.28775,0.0,224.0,,5.403408,0.135088,0.043012,10.0,0.430122,-0.492763,-0.492763,224.0,
,,225.0,256.0,,2.149415,2.149415,0.0,225.0,0.536825,,,,,,,,225.0,0.335938
0.059292,-0.30706,226.0,256.0,27.241493,2.325949,2.325949,0.0,226.0,,1.670062,0.123199,0.023149,10.0,0.231487,-0.538547,-0.538547,226.0,
,,227.0,256.0,,2.395951,2.395951,0.0,227.0,0.559016,,,,,,,,227.0,0.300781
0.065173,-0.319052,228.0,256.0,17.847513,2.07796,2.07796,0.0,228.0,,1.658391,0.122933,0.022462,10.0,0.224621,-0.543673,-0.543673,228.0,
,,229.0,256.0,,1.961317,1.961317,0.0,229.0,0.475142,,,,,,,,229.0,0.332031
0.059706,-0.199013,230.0,256.0,10.805435,2.137929,2.137929,0.0,230.0,,1.541618,0.135205,0.030026,10.0,0.30026,-0.499272,-0.499272,230.0,
,,231.0,256.0,,1.985868,1.985868,0.0,231.0,0.558975,,,,,,,,231.0,0.347656
0.065038,-0.151287,232.0,256.0,12.377956,2.144111,2.144111,0.0,232.0,,4.14493,0.132789,0.032871,10.0,0.328715,-0.480002,-0.480002,232.0,
,,233.0,256.0,,2.011128,2.011128,0.0,233.0,0.505502,,,,,,,,233.0,0.296875
0.0625,-0.28803,234.0,256.0,9.679214,2.148662,2.148662,0.0,234.0,,1.485622,0.124727,0.023303,10.0,0.233029,-0.521059,-0.521059,234.0,
,,235.0,256.0,,2.022462,2.022462,0.0,235.0,0.53026,,,,,,,,235.0,0.320312
0.058312,-0.23616,236.0,256.0,10.055638,2.290364,2.290364,0.0,236.0,,2.418492,0.129298,0.027106,10.0,0.271065,-0.507224,-0.507224,236.0,
,,237.0,256.0,,1.974343,1.974343,0.0,237.0,0.540019,,,,,,,,237.0,0.347656
0.110953,-0.040208,238.0,256.0,12.582849,2.035521,2.035521,0.0,238.0,,9.203777,0.134674,0.046774,10.0,0.467738,-0.507946,-0.507946,238.0,
,,239.0,256.0,,1.873968,1.873968,0.0,239.0,0.556114,,,,,,,,239.0,0.414062
0.073561,-0.105983,240.0,256.0,24.455133,2.254354,2.254354,0.0,240.0,,6.514368,0.13602,0.03804,10.0,0.380405,-0.486388,-0.486388,240.0,
,,241.0,256.0,,2.151424,2.151424,0.0,241.0,0.533072,,,,,,,,241.0,0.351562
0.077444,-0.169701,242.0,256.0,13.75067,1.904571,1.904571,0.0,242.0,,1.768988,0.132694,0.030469,10.0,0.304687,-0.474388,-0.474388,242.0,
,,243.0,256.0,,2.194472,2.194472,0.0,243.0,0.55864,,,,,,,,243.0,0.339844
0.062201,-0.244825,244.0,256.0,19.204052,2.095701,2.095701,0.0,244.0,,1.925618,0.13099,0.027719,10.0,0.277187,-0.522012,-0.522012,244.0,
,,245.0,256.0,,2.218624,2.218624,0.0,245.0,0.548695,,,,,,,,245.0,0.332031
0.071112,-0.341878,246.0,256.0,17.649809,2.567467,2.567467,0.0,246.0,,1.466164,0.117222,0.017235,10.0,0.172345,-0.514223,-0.514223,246.0,
,,247.0,256.0,,2.490082,2.490082,0.0,247.0,0.555919,,,,,,,,247.0,0.3125
0.068678,-0.168857,248.0,256.0,37.842842,2.283914,2.283914,0.0,248.0,,1.75792,0.131612,0.02909,10.0,0.290899,-0.459756,-0.459756,248.0,
,,249.0,256.0,,2.070667,2.070667,0.0,249.0,0.518871,,,,,,,,249.0,0.332031
0.057585,-0.249099,250.0,256.0,16.815666,2.224044,2.224044,0.0,250.0,,1.978137,0.123311,0.023718,10.0,0.237178,-0.486277,-0.486277,250.0,
,,251.0,256.0,,2.372169,2.372169,0.0,251.0,0.545749,,,,,,,,251.0,0.320312
0.065714,-0.303438,252.0,256.0,17.680689,2.448494,2.448494,0.0,252.0,,1.699347,0.122151,0.022303,10.0,0.223027,-0.526464,-0.526464,252.0,
,,253.0,256.0,,2.170797,2.170797,0.0,253.0,0.507454,,,,,,,,253.0,0.332031
0.054081,-0.219384,254.0,256.0,22.188864,2.127167,2.127167,0.0,254.0,,1.882658,0.130105,0.027944,10.0,0.279436,-0.49882,-0.49882,254.0,
,,255.0,256.0,,2.061802,2.061802,0.0,255.0,0.574577,,,,,,,,255.0,0.355469
0.059466,-0.300361,256.0,256.0,31.291178,2.298149,2.298149,0.0,256.0,,1.531528,0.124837,0.023799,10.0,0.237985,-0.538347,-0.538347,256.0,
,,257.0,256.0,,2.438369,2.438369,0.0,257.0,0.532482,,,,,,,,257.0,0.289062
0.067513,-0.167829,258.0,256.0,23.055252,2.273236,2.273236,0.0,258.0,,1.515332,0.133332,0.03,10.0,0.3,-0.467829,-0.467829,258.0,
,,259.0,256.0,,2.441987,2.441987,0.0,259.0,0.529647,,,,,,,,259.0,0.335938
0.060932,-0.276225,260.0,256.0,46.224899,2.478983,2.478983,0.0,260.0,,1.444762,0.126339,0.024184,10.0,0.24184,-0.518064,-0.518064,260.0,
,,261.0,256.0,,2.280838,2.280838,0.0,261.0,0.586615,,,,,,,,261.0,0.382812
0.071263,-0.333041,262.0,256.0,33.694801,2.618175,2.618175,0.0,262.0,,1.598446,0.122138,0.022379,10.0,0.223786,-0.556827,-0.556827,262.0,
,,263.0,256.0,,2.036738,2.036738,0.0,263.0,0.527498,,,,,,,,263.0,0.328125
0.05817,-0.203834,264.0,256.0,25.459318,2.240185,2.240185,0.0,264.0,,1.975626,0.129494,0.028005,10.0,0.280048,-0.483882,-0.483882,264.0,
,,265.0,256.0,,2.034688,2.034688,0.0,265.0,0.499509,,,,,,,,265.0,0.300781
0.060511,-0.203126,266.0,256.0,23.080248,2.200804,2.200804,0.0,266.0,,2.207307,0.129699,0.029416,10.0,0.294156,-0.497282,-0.497282,266.0,
,,267.0,256.0,,2.283861,2.283861,0.0,267.0,0.589653,,,,,,,,267.0,0.347656
0.05725,-0.274856,268.0,256.0,17.102983,1.970153,1.970153,0.0,268.0,,2.575388,0.128145,0.027124,10.0,0.271235,-0.546091,-0.546091,268.0,
,,269.0,256.0,,2.3111,2.3111,0.0,269.0,0.51521,,,,,,,,269.0,0.28125
0.076714,-0.223015,270.0,256.0,19.87849,2.72102,2.72102,0.0,270.0,,1.640583,0.124792,0.023863,10.0,0.238626,-0.461641,-0.461641,270.0,
,,271.0,256.0,,2.191937,2.191937,0.0,271.0,0.529356,,,,,,,,271.0,0.320312
0.073575,-0.238535,272.0,256.0,25.600534,2.349627,2.349627,0.0,272.0,,1.984487,0.126491,0.024846,10.0,0.248462,-0.486997,-0.486997,272.0,
,,273.0,256.0,,1.865474,1.865474,0.0,273.0,0.505377,,,,,,,,273.0,0.347656
0.061422,-0.175102,274.0,256.0,25.904783,2.362502,2.362502,0.0,274.0,,1.914664,0.133789,0.031662,10.0,0.316617,-0.491719,-0.491719,274.0,
,,275.0,256.0,,2.074448,2.074448,0.0,275.0,0.548427,,,,,,,,275.0,0.335938
0.092997,-0.264579,276.0,256.0,32.374249,2.487668,2.487668,0.0,276.0,,1.657065,0.123089,0.023444,10.0,0.234435,-0.499014,-0.499014,276.0,
,,277.0,256.0,,2.246562,2.246562,0.0,277.0,0.504169,,,,,,,,277.0,0.332031
0.053979,-0.141621,278.0,256.0,29.111794,2.177674,2.177674,0.0,278.0,,2.415213,0.137074,0.032234,10.0,0.322335,-0.463956,-0.463956,278.0,
,,279.0,256.0,,2.203694,2.203694,0.0,279.0,0.579209,,,,,,,,279.0,0.34375
0.059854,-0.28955,280.0,256.0,18.19515,2.319327,2.319327,0.0,280.0,,2.239556,0.124519,0.025547,10.0,0.255468,-0.545018,-0.545018,280.0,
,,281.0,256.0,,2.19321,2.19321,0.0,281.0,0.505289,,,,,,,,281.0,0.289062
0.075276,-0.186562,282.0,256.0,14.782256,2.410915,2.410915,0.0,282.0,,4.371231,0.131917,0.032481,10.0,0.324812,-0.511374,-0.511374,282.0,
,,283.0,256.0,,2.082012,2.082012,0.0,283.0,0.531503,,,,,,,,283.0,0.339844
0.060882,-0.160852,284.0,256.0,11.458393,2.30101,2.30101,0.0,284.0,,1.609758,0.123307,0.024203,10.0,0.242032,-0.402883,-0.402883,284.0,
,,285.0,256.0,,1.857394,1.857394,0.0,285.0,0.517974,,,,,,,,285.0,0.339844
0.093928,-0.264054,286.0,256.0,9.909391,2.012427,2.012427,0.0,286.0,,1.805761,0.122007,0.023945,10.0,0.239446,-0.503501,-0.503501,286.0,
,,287.0,256.0,,2.1411,2.1411,0.0,287.0,0.520076,,,,,,,,287.0,0.320312
0.071419,-0.085135,288.0,256.0,10.366118,2.277826,2.277826,0.0,288.0,,4.150208,0.138211,0.037988,10.0,0.379881,-0.465017,-0.465017,288.0,
,,289.0,256.0,,2.154448,2.154448,0.0,289.0,0.506125,,,,,,,,289.0,0.316406
0.056206,-0.312563,290.0,256.0,7.670797,1.989753,1.989753,0.0,290.0,,2.091954,0.122262,0.023894,10.0,0.23894,-0.551502,-0.551502,290.0,
,,291.0,256.0,,2.177886,2.177886,0.0,291.0,0.530248,,,,,,,,291.0,0.304688
0.088971,-0.217947,292.0,256.0,17.376373,2.317526,2.317526,0.0,292.0,,1.382208,0.127447,0.026183,10.0,0.261834,-0.479781,-0.479781,292.0,
,,293.0,256.0,,2.38276,2.38276,0.0,293.0,0.508481,,,,,,,,293.0,0.300781
0.063796,-0.279409,294.0,256.0,5.263744,2.122472,2.122472,0.0,294.0,,1.810179,0.123626,0.023494,10.0,0.234941,-0.51435,-0.51435,294.0,
,,295.0,256.0,,2.395594,2.395594,0.0,295.0,0.555263,,,,,,,,295.0,0.304688
0.057882,-0.197964,296.0,256.0,15.312141,2.053356,2.053356,0.0,296.0,,2.020743,0.130721,0.029333,10.0,0.293327,-0.491291,-0.491291,296.0,
,,297.0,256.0,,2.150672,2.150672,0.0,297.0,0.518736,,,,,,,,297.0,0.335938
0.059775,-0.09517,298.0,256.0,40.842972,2.380637,2.380637,0.0,298.0,,6.621403,0.130662,0.041767,10.0,0.41767,-0.512841,-0.512841,298.0,
,,299.0,256.0,,2.106279,2.106279,0.0,299.0,0.522417,,,,,,,,299.0,0.3125
