id,name,config_name,family,created_at,state,last_step,batch_size,seed,summary_loss
y3q0mik6,pi05-twist-100k-train-action-true-no-fast-bs4-save1000-20260422-015401,twist_only_lora_triplet_100k_no_fast_action_tokens,baseline_bottle_sorting,2026-04-22T01:54:06Z,crashed,11150,4,42,0.5480607151985168
ujoccc65,pi05-twist-100k-fast-action-scale1-bs4-save1000-20260423-023949,twist_only_lora_triplet_100k_fast_action_tokens_scale1,baseline_bottle_sorting,2026-04-23T02:40:00Z,crashed,1160,4,42,7.3521409034729
h9xc8lmk,pi05-twist-100k-fast-action-scale1-bs8-ga1-wandb-restart-save1000-20260423-055040,twist_only_lora_triplet_100k_fast_action_tokens_scale1,baseline_bottle_sorting,2026-04-23T05:50:51Z,crashed,11200,8,42,4.468005180358887
sbjto6bh,rinse_bottle_cam4_f6s4_bs64_20260428,eii_rinse_cam4_lora,rinse_or_insertion_exploration,2026-04-28T14:25:23Z,crashed,7710,32,42,0.007922179996967316
w6iszlf5,h200_fullft_13repos_bs128_nw8_f6_s5_log1_20260430_082915,eii_rinse_cam4_lora,rinse_or_insertion_exploration,2026-04-30T08:29:24Z,crashed,-1,128,42,
alxhdblm,h200_fullft_13repos_bs128_nw8_f6_s5_log1_20260430_083003,eii_rinse_cam4_lora,rinse_or_insertion_exploration,2026-04-30T08:30:12Z,finished,7,128,42,0.14955194294452667
e68ok9xu,h200_fullft_13repos_bs256_nw8_f6_s5_log1_20260430_084618,eii_rinse_cam4_lora,rinse_or_insertion_exploration,2026-04-30T08:46:28Z,finished,7,256,42,0.09565803408622742
qbm97ykn,h200_fullft_13repos_bs128_nw16_f6_s5_log10_20260430_085556,eii_rinse_cam4_lora,rinse_or_insertion_exploration,2026-04-30T08:56:05Z,crashed,10660,128,42,0.005038553383201361
j81dvx7o,pro6000_fullft_13repos_bs128_nw16_f6_s5_log1_20260501,eii_rinse_cam4_lora,rinse_or_insertion_exploration,2026-05-01T03:09:56Z,crashed,-1,128,42,
lx6v24pv,pro6000_fullft_1repo_bs128_nw16_f6_s5_log1_20260501,eii_rinse_cam4_lora,rinse_or_insertion_exploration,2026-05-01T03:14:32Z,crashed,-1,128,42,
g81wswdd,pro6000_fullft_1repo_bs128_nw16_f6_s5_log1_1gpu_20260501,eii_rinse_cam4_lora,rinse_or_insertion_exploration,2026-05-01T03:20:41Z,crashed,-1,128,42,
rt5tie9r,pro6000_fullft_1repo_bs128_nw16_f6_s5_log1_cuda0_20260501,eii_rinse_cam4_lora,rinse_or_insertion_exploration,2026-05-01T03:23:17Z,failed,0,128,42,
cxg5ik7w,twist_rinse_lora_triplet_remote_20260501_0524,twist_rinse_lora_triplet_remote,rinse_or_insertion_exploration,2026-05-01T05:22:56Z,crashed,90,32,42,1.2474571466445925
tv5ujqy3,twist_direction_full_ft_bs256_8xh200,twist_direction_full_finetune_triplet_27_datasets,baseline_bottle_sorting,2026-05-02T14:02:07Z,crashed,-1,256,42,
3t59co93,twist_direction_full_ft_bs256_8xh200_fsdp8,twist_direction_full_finetune_triplet_27_datasets,baseline_bottle_sorting,2026-05-02T14:04:30Z,crashed,10,256,42,1.2940996885299685
ph0lrdqu,twist_direction_full_ft_bs256_8xh200_fsdp8_nw32,twist_direction_full_finetune_triplet_27_datasets,baseline_bottle_sorting,2026-05-02T14:11:17Z,failed,28000,256,42,0.07219026237726212
w8za36n4,rinse_lora_6repo_cam4_bs32_20260506,eii_rinse_cam4_lora,rinse_or_insertion_exploration,2026-05-06T12:57:07Z,crashed,-1,32,42,
1hh98ega,rinse_lora_6repo_cam4_bs32_log10_20260506,eii_rinse_cam4_lora,rinse_or_insertion_exploration,2026-05-06T13:01:56Z,crashed,-1,32,42,
8raql7zk,rinse_lora_6repo_cam4_bs32_log10_20260506,eii_rinse_cam4_lora,rinse_or_insertion_exploration,2026-05-06T13:03:11Z,crashed,-1,32,42,
14m6s752,rinse_lora_6repo_cam4_bs32_log10_20260506,eii_rinse_cam4_lora,rinse_or_insertion_exploration,2026-05-06T13:06:19Z,failed,-1,32,42,
f5gtdu2l,rinse_lora_6repo_cam4_bs32_log10_20260506,eii_rinse_cam4_lora,rinse_or_insertion_exploration,2026-05-06T13:08:39Z,crashed,120,32,42,0.043214473873376846
djdal88t,rinse_lora_6repo_cam4_bs32_nw16_log10_20260506,eii_rinse_cam4_lora,rinse_or_insertion_exploration,2026-05-06T13:24:02Z,crashed,18400,32,42,0.005804727785289288
3xay0u7o,no_rinse_cam3_fullft_30repo_bs128_20260507,eii_data_system_no_tear_cam3_lora,baseline_bottle_sorting,2026-05-07T12:21:35Z,crashed,-1,128,42,
xgbxn9wo,no_rinse_cam3_fullft_30repo_bs128_20260507,eii_data_system_no_tear_cam3_lora,baseline_bottle_sorting,2026-05-07T12:22:32Z,failed,-1,128,42,
ae3628ov,no_rinse_cam3_fullft_30repo_bs128_20260507,eii_data_system_no_tear_cam3_lora,baseline_bottle_sorting,2026-05-07T12:24:18Z,crashed,30,128,42,0.06137868762016296
yvz76s3w,no_rinse_cam3_formal_30repo_cam3_fullft_bs256_nw32_fsdp4_20260507,eii_data_system_no_tear_cam3_lora,baseline_bottle_sorting,2026-05-07T13:25:18Z,crashed,30,256,42,0.06430049240589142
tuv0tvwm,no_rinse_cam3_fullft_36repo_bs256_nw128_fsdp8_20260510,eii_data_system_no_tear_cam3_lora,baseline_bottle_sorting,2026-05-10T03:47:28Z,crashed,-1,256,42,
etfza8tl,no_rinse_cam3_fullft_36repo_bs256_nw128_fsdp8_20260510,eii_data_system_without_rinse_cam3_fullft_h200,baseline_bottle_sorting,2026-05-10T03:52:54Z,crashed,20230,256,42,0.003060727147385478
520etrno,eii_rinse_9repo_cam4_lora_wandb_bs32_acc2_nw16_nomem_20260510_093635,eii_rinse_9repo_cam4_lora,rinse_or_insertion_exploration,2026-05-10T09:36:39Z,crashed,15600,32,42,0.00526373041793704
zpduww3j,no_rinse_cam3_fullft_34repo_bs256_nw128_fsdp4_20260513,eii_data_system_without_rinse_cam3_fullft_h200_34repo,baseline_bottle_sorting,2026-05-13T03:45:08Z,crashed,-1,256,42,
c3rv6so6,no_rinse_cam3_fullft_34repo_bs256_nw32_fsdp4_20260513,eii_data_system_without_rinse_cam3_fullft_h200_34repo,baseline_bottle_sorting,2026-05-13T03:50:27Z,crashed,110,256,42,0.046065378934144974
icacn7hx,no_rinse_cam3_fullft_34repo_bs512_nw32_fsdp4_20260513,eii_data_system_without_rinse_cam3_fullft_h200_34repo,baseline_bottle_sorting,2026-05-13T04:03:18Z,crashed,40,512,42,0.06440885365009308
71ulhhg7,no_rinse_cam3_fullft_34repo_bs256_nw32_fsdp4_20260513,eii_data_system_without_rinse_cam3_fullft_h200_34repo,baseline_bottle_sorting,2026-05-13T04:17:00Z,crashed,-1,256,42,
arvvt7o9,no_rinse_cam3_fullft_34repo_freespinx6_bs256_nw32_fsdp4_20260513,eii_data_system_without_rinse_cam3_fullft_h200_34repo,baseline_bottle_sorting,2026-05-13T04:20:15Z,crashed,260,256,42,0.026320789009332657
oy2thu3h,no_rinse_cam3_fullft_34repo_freespinx6_bs256_nw64_fsdp4_20260513,eii_data_system_without_rinse_cam3_fullft_h200_34repo,baseline_bottle_sorting,2026-05-13T04:37:40Z,crashed,28650,256,42,0.001607241458259523
rpx491fg,rinse_11repo_insertx5_fullft_bs256_nw64_fsdp8_20260513,eii_rinse_11repo_cam4_fullft,rinse_or_insertion_exploration,2026-05-13T07:08:25Z,crashed,9210,256,42,0.003320961957797408
ip1e9era,no_rinse_cam3_fullft_25repo_bs256_nw64_fsdp4_20260514,eii_data_system_without_rinse_cam3_fullft_h200_25repo,baseline_bottle_sorting,2026-05-14T14:29:29Z,crashed,30010,256,42,0.0015742380637675524
wuvk5r7r,no_rinse_cam3_fullft_merged_adjust_pickup_36repo_bs256_nw64_fsdp4_20260516,eii_data_system_without_rinse_cam3_fullft_h200_merged_adjust_pickup_36repo,baseline_bottle_sorting,2026-05-15T16:03:26Z,failed,33000,256,42,0.0012461896985769272
nx2zkxvt,no_rinse_cam3_fullft_return_home_29repo_bs256_nw64_fsdp4_20260520,eii_data_system_without_rinse_cam3_fullft_h200_return_home_29repo,baseline_bottle_sorting,2026-05-20T07:54:38Z,finished,59990,256,42,0.0006710937595926225
grh7hmsa,no_rinse_cam3_fullft_have_cap_water_return_home_49repo_bs256_nw64_fsdp4_20260527,eii_data_system_without_rinse_cam3_fullft_h200_have_cap_water_return_home_49repo,baseline_bottle_sorting,2026-05-27T05:21:04Z,crashed,-1,256,42,
38ni02cn,no_rinse_cam3_fullft_have_cap_water_return_home_49repo_bs256_nw64_fsdp4_20260527,eii_data_system_without_rinse_cam3_fullft_h200_have_cap_water_return_home_49repo,baseline_bottle_sorting,2026-05-27T05:21:17Z,crashed,25760,256,42,0.001639530062675476
