robot,source_index,name,type,parent,child,axis,origin_xyz,origin_rpy,lower,upper,effort,velocity,mimic_parent,mimic_multiplier,mimic_offset
follower_left,0,waist,revolute,follower_left_base_link,follower_left_shoulder_link,0 0 1,0 0 0.079,0 0 0,-3.141582653589793,3.141582653589793,10.0,3.141592653589793,,,
follower_left,1,shoulder,revolute,follower_left_shoulder_link,follower_left_upper_arm_link,0 1 0,0 0 0.04805,0 0 0,-1.8500490071139892,1.2566370614359172,20.0,3.141592653589793,,,
follower_left,2,elbow,revolute,follower_left_upper_arm_link,follower_left_upper_forearm_link,0 1 0,0.05955 0 0.3,0 0 0,-1.7627825445142729,1.6057029118347832,15.0,3.141592653589793,,,
follower_left,3,forearm_roll,revolute,follower_left_upper_forearm_link,follower_left_lower_forearm_link,1 0 0,0.2 0 0,0 0 0,-3.141582653589793,3.141582653589793,2.0,3.141592653589793,,,
follower_left,4,wrist_angle,revolute,follower_left_lower_forearm_link,follower_left_wrist_link,0 1 0,0.1 0 0,0 0 0,-1.8675022996339325,2.234021442552742,5.0,3.141592653589793,,,
follower_left,5,wrist_rotate,revolute,follower_left_wrist_link,follower_left_gripper_link,1 0 0,0.069744 0 0,0 0 0,-3.141582653589793,3.141582653589793,1.0,3.141592653589793,,,
follower_left,6,ee_arm,fixed,follower_left_gripper_link,follower_left_ee_arm_link,1 0 0,0.042825 0 0,0 0 0,,,,,,,
follower_left,7,gripper,continuous,follower_left_ee_arm_link,follower_left_gripper_prop_link,1 0 0,0.005675 0 0,0 0 0,,,1.0,3.141592653589793,,,
follower_left,8,gripper_bar,fixed,follower_left_ee_arm_link,follower_left_gripper_bar_link,1 0 0,0 0 0,0 0 0,,,,,,,
follower_left,9,ee_bar,fixed,follower_left_gripper_bar_link,follower_left_fingers_link,1 0 0,0.025875 0 0,0 0 0,,,,,,,
follower_left,10,left_finger,prismatic,follower_left_fingers_link,follower_left_left_finger_link,0 1 0,0 0 0,0 0 0,0.021,0.057,5.0,1.0,,,
follower_left,11,right_finger,prismatic,follower_left_fingers_link,follower_left_right_finger_link,0 1 0,0 0 0,0 0 0,-0.057,-0.021,5.0,1.0,left_finger,-1.0,0.0
follower_left,12,ee_gripper,fixed,follower_left_fingers_link,follower_left_ee_gripper_link,1 0 0,0.0385 0 0,0 0 0,,,,,,,
follower_right,0,waist,revolute,follower_right_base_link,follower_right_shoulder_link,0 0 1,0 0 0.079,0 0 0,-3.141582653589793,3.141582653589793,10.0,3.141592653589793,,,
follower_right,1,shoulder,revolute,follower_right_shoulder_link,follower_right_upper_arm_link,0 1 0,0 0 0.04805,0 0 0,-1.8500490071139892,1.2566370614359172,20.0,3.141592653589793,,,
follower_right,2,elbow,revolute,follower_right_upper_arm_link,follower_right_upper_forearm_link,0 1 0,0.05955 0 0.3,0 0 0,-1.7627825445142729,1.6057029118347832,15.0,3.141592653589793,,,
follower_right,3,forearm_roll,revolute,follower_right_upper_forearm_link,follower_right_lower_forearm_link,1 0 0,0.2 0 0,0 0 0,-3.141582653589793,3.141582653589793,2.0,3.141592653589793,,,
follower_right,4,wrist_angle,revolute,follower_right_lower_forearm_link,follower_right_wrist_link,0 1 0,0.1 0 0,0 0 0,-1.8675022996339325,2.234021442552742,5.0,3.141592653589793,,,
follower_right,5,wrist_rotate,revolute,follower_right_wrist_link,follower_right_gripper_link,1 0 0,0.069744 0 0,0 0 0,-3.141582653589793,3.141582653589793,1.0,3.141592653589793,,,
follower_right,6,ee_arm,fixed,follower_right_gripper_link,follower_right_ee_arm_link,1 0 0,0.042825 0 0,0 0 0,,,,,,,
follower_right,7,gripper,continuous,follower_right_ee_arm_link,follower_right_gripper_prop_link,1 0 0,0.005675 0 0,0 0 0,,,1.0,3.141592653589793,,,
follower_right,8,gripper_bar,fixed,follower_right_ee_arm_link,follower_right_gripper_bar_link,1 0 0,0 0 0,0 0 0,,,,,,,
follower_right,9,ee_bar,fixed,follower_right_gripper_bar_link,follower_right_fingers_link,1 0 0,0.025875 0 0,0 0 0,,,,,,,
follower_right,10,left_finger,prismatic,follower_right_fingers_link,follower_right_left_finger_link,0 1 0,0 0 0,0 0 0,0.021,0.057,5.0,1.0,,,
follower_right,11,right_finger,prismatic,follower_right_fingers_link,follower_right_right_finger_link,0 1 0,0 0 0,0 0 0,-0.057,-0.021,5.0,1.0,left_finger,-1.0,0.0
follower_right,12,ee_gripper,fixed,follower_right_fingers_link,follower_right_ee_gripper_link,1 0 0,0.0385 0 0,0 0 0,,,,,,,
leader_left,0,waist,revolute,leader_left_base_link,leader_left_shoulder_link,0 0 1,0 0 0.072,0 0 0,-3.141582653589793,3.141582653589793,10.0,3.141592653589793,,,
leader_left,1,shoulder,revolute,leader_left_shoulder_link,leader_left_upper_arm_link,0 1 0,0 0 0.03865,0 0 0,-1.8849555921538759,1.9896753472735358,20.0,3.141592653589793,,,
leader_left,2,elbow,revolute,leader_left_upper_arm_link,leader_left_upper_forearm_link,0 1 0,0.04975 0 0.25,0 0 0,-2.1467549799530254,1.6057029118347832,15.0,3.141592653589793,,,
leader_left,3,forearm_roll,revolute,leader_left_upper_forearm_link,leader_left_lower_forearm_link,1 0 0,0.175 0 0,0 0 0,-3.141582653589793,3.141582653589793,2.0,3.141592653589793,,,
leader_left,4,wrist_angle,revolute,leader_left_lower_forearm_link,leader_left_wrist_link,0 1 0,0.075 0 0,0 0 0,-1.7453292519943295,2.1467549799530254,5.0,3.141592653589793,,,
leader_left,5,wrist_rotate,revolute,leader_left_wrist_link,leader_left_gripper_link,1 0 0,0.065 0 0,0 0 0,-3.141582653589793,3.141582653589793,1.0,3.141592653589793,,,
leader_left,6,ee_arm,fixed,leader_left_gripper_link,leader_left_ee_arm_link,1 0 0,0.043 0 0,0 0 0,,,,,,,
leader_left,7,gripper,continuous,leader_left_ee_arm_link,leader_left_gripper_prop_link,1 0 0,0.0055 0 0,0 0 0,,,1.0,3.141592653589793,,,
leader_left,8,gripper_bar,fixed,leader_left_ee_arm_link,leader_left_gripper_bar_link,1 0 0,0 0 0,0 0 0,,,,,,,
leader_left,9,ee_bar,fixed,leader_left_gripper_bar_link,leader_left_fingers_link,1 0 0,0.023 0 0,0 0 0,,,,,,,
leader_left,10,left_finger,prismatic,leader_left_fingers_link,leader_left_left_finger_link,0 1 0,0 0 0,0 0 0,0.015,0.037,5.0,1.0,,,
leader_left,11,right_finger,prismatic,leader_left_fingers_link,leader_left_right_finger_link,0 1 0,0 0 0,0 0 0,-0.037,-0.015,5.0,1.0,left_finger,-1.0,0.0
leader_left,12,ee_gripper,fixed,leader_left_fingers_link,leader_left_ee_gripper_link,1 0 0,0.027575 0 0,0 0 0,,,,,,,
leader_right,0,waist,revolute,leader_right_base_link,leader_right_shoulder_link,0 0 1,0 0 0.072,0 0 0,-3.141582653589793,3.141582653589793,10.0,3.141592653589793,,,
leader_right,1,shoulder,revolute,leader_right_shoulder_link,leader_right_upper_arm_link,0 1 0,0 0 0.03865,0 0 0,-1.8849555921538759,1.9896753472735358,20.0,3.141592653589793,,,
leader_right,2,elbow,revolute,leader_right_upper_arm_link,leader_right_upper_forearm_link,0 1 0,0.04975 0 0.25,0 0 0,-2.1467549799530254,1.6057029118347832,15.0,3.141592653589793,,,
leader_right,3,forearm_roll,revolute,leader_right_upper_forearm_link,leader_right_lower_forearm_link,1 0 0,0.175 0 0,0 0 0,-3.141582653589793,3.141582653589793,2.0,3.141592653589793,,,
leader_right,4,wrist_angle,revolute,leader_right_lower_forearm_link,leader_right_wrist_link,0 1 0,0.075 0 0,0 0 0,-1.7453292519943295,2.1467549799530254,5.0,3.141592653589793,,,
leader_right,5,wrist_rotate,revolute,leader_right_wrist_link,leader_right_gripper_link,1 0 0,0.065 0 0,0 0 0,-3.141582653589793,3.141582653589793,1.0,3.141592653589793,,,
leader_right,6,ee_arm,fixed,leader_right_gripper_link,leader_right_ee_arm_link,1 0 0,0.043 0 0,0 0 0,,,,,,,
leader_right,7,gripper,continuous,leader_right_ee_arm_link,leader_right_gripper_prop_link,1 0 0,0.0055 0 0,0 0 0,,,1.0,3.141592653589793,,,
leader_right,8,gripper_bar,fixed,leader_right_ee_arm_link,leader_right_gripper_bar_link,1 0 0,0 0 0,0 0 0,,,,,,,
leader_right,9,ee_bar,fixed,leader_right_gripper_bar_link,leader_right_fingers_link,1 0 0,0.023 0 0,0 0 0,,,,,,,
leader_right,10,left_finger,prismatic,leader_right_fingers_link,leader_right_left_finger_link,0 1 0,0 0 0,0 0 0,0.015,0.037,5.0,1.0,,,
leader_right,11,right_finger,prismatic,leader_right_fingers_link,leader_right_right_finger_link,0 1 0,0 0 0,0 0 0,-0.037,-0.015,5.0,1.0,left_finger,-1.0,0.0
leader_right,12,ee_gripper,fixed,leader_right_fingers_link,leader_right_ee_gripper_link,1 0 0,0.027575 0 0,0 0 0,,,,,,,
