robot,source_index,link,uri,resolved_path,exists,sha256
follower_left,0,follower_left_base_link,file:///home/eii/project/openpi0.5-rtc-reward-learning/external/ros2-essentials/aloha_ws/src/interbotix_ros_manipulators/interbotix_ros_xsarms/interbotix_xsarm_descriptions/meshes/aloha_vx300s_meshes/base.stl,/home/eii/project/openpi0.5-rtc-reward-learning/external/ros2-essentials/aloha_ws/src/interbotix_ros_manipulators/interbotix_ros_xsarms/interbotix_xsarm_descriptions/meshes/aloha_vx300s_meshes/base.stl,True,d100cafe656671ca8fde98fb6a4cf2d1b746995c51c61c25ad9ea2715635d146
follower_left,1,follower_left_base_link,file:///home/eii/project/openpi0.5-rtc-reward-learning/external/ros2-essentials/aloha_ws/src/interbotix_ros_manipulators/interbotix_ros_xsarms/interbotix_xsarm_descriptions/meshes/aloha_vx300s_meshes/base.stl,/home/eii/project/openpi0.5-rtc-reward-learning/external/ros2-essentials/aloha_ws/src/interbotix_ros_manipulators/interbotix_ros_xsarms/interbotix_xsarm_descriptions/meshes/aloha_vx300s_meshes/base.stl,True,d100cafe656671ca8fde98fb6a4cf2d1b746995c51c61c25ad9ea2715635d146
follower_left,2,follower_left_shoulder_link,file:///home/eii/project/openpi0.5-rtc-reward-learning/external/ros2-essentials/aloha_ws/src/interbotix_ros_manipulators/interbotix_ros_xsarms/interbotix_xsarm_descriptions/meshes/aloha_vx300s_meshes/shoulder.stl,/home/eii/project/openpi0.5-rtc-reward-learning/external/ros2-essentials/aloha_ws/src/interbotix_ros_manipulators/interbotix_ros_xsarms/interbotix_xsarm_descriptions/meshes/aloha_vx300s_meshes/shoulder.stl,True,139745a74055cb0b23430bb5bc032bf68cf7bea5e4975c8f4c04107ae005f7f0
follower_left,3,follower_left_shoulder_link,file:///home/eii/project/openpi0.5-rtc-reward-learning/external/ros2-essentials/aloha_ws/src/interbotix_ros_manipulators/interbotix_ros_xsarms/interbotix_xsarm_descriptions/meshes/aloha_vx300s_meshes/shoulder.stl,/home/eii/project/openpi0.5-rtc-reward-learning/external/ros2-essentials/aloha_ws/src/interbotix_ros_manipulators/interbotix_ros_xsarms/interbotix_xsarm_descriptions/meshes/aloha_vx300s_meshes/shoulder.stl,True,139745a74055cb0b23430bb5bc032bf68cf7bea5e4975c8f4c04107ae005f7f0
follower_left,4,follower_left_upper_arm_link,file:///home/eii/project/openpi0.5-rtc-reward-learning/external/ros2-essentials/aloha_ws/src/interbotix_ros_manipulators/interbotix_ros_xsarms/interbotix_xsarm_descriptions/meshes/aloha_vx300s_meshes/upper_arm.stl,/home/eii/project/openpi0.5-rtc-reward-learning/external/ros2-essentials/aloha_ws/src/interbotix_ros_manipulators/interbotix_ros_xsarms/interbotix_xsarm_descriptions/meshes/aloha_vx300s_meshes/upper_arm.stl,True,900f236320dd3d500870c5fde763b2d47502d51e043a5c377875e70237108729
follower_left,5,follower_left_upper_arm_link,file:///home/eii/project/openpi0.5-rtc-reward-learning/external/ros2-essentials/aloha_ws/src/interbotix_ros_manipulators/interbotix_ros_xsarms/interbotix_xsarm_descriptions/meshes/aloha_vx300s_meshes/upper_arm.stl,/home/eii/project/openpi0.5-rtc-reward-learning/external/ros2-essentials/aloha_ws/src/interbotix_ros_manipulators/interbotix_ros_xsarms/interbotix_xsarm_descriptions/meshes/aloha_vx300s_meshes/upper_arm.stl,True,900f236320dd3d500870c5fde763b2d47502d51e043a5c377875e70237108729
follower_left,6,follower_left_upper_forearm_link,file:///home/eii/project/openpi0.5-rtc-reward-learning/external/ros2-essentials/aloha_ws/src/interbotix_ros_manipulators/interbotix_ros_xsarms/interbotix_xsarm_descriptions/meshes/aloha_vx300s_meshes/upper_forearm.stl,/home/eii/project/openpi0.5-rtc-reward-learning/external/ros2-essentials/aloha_ws/src/interbotix_ros_manipulators/interbotix_ros_xsarms/interbotix_xsarm_descriptions/meshes/aloha_vx300s_meshes/upper_forearm.stl,True,4104fc54bbfb8a9b533029f1e7e3ade3d54d638372b3195daa0c98f57e0295b5
follower_left,7,follower_left_upper_forearm_link,file:///home/eii/project/openpi0.5-rtc-reward-learning/external/ros2-essentials/aloha_ws/src/interbotix_ros_manipulators/interbotix_ros_xsarms/interbotix_xsarm_descriptions/meshes/aloha_vx300s_meshes/upper_forearm.stl,/home/eii/project/openpi0.5-rtc-reward-learning/external/ros2-essentials/aloha_ws/src/interbotix_ros_manipulators/interbotix_ros_xsarms/interbotix_xsarm_descriptions/meshes/aloha_vx300s_meshes/upper_forearm.stl,True,4104fc54bbfb8a9b533029f1e7e3ade3d54d638372b3195daa0c98f57e0295b5
follower_left,8,follower_left_lower_forearm_link,file:///home/eii/project/openpi0.5-rtc-reward-learning/external/ros2-essentials/aloha_ws/src/interbotix_ros_manipulators/interbotix_ros_xsarms/interbotix_xsarm_descriptions/meshes/aloha_vx300s_meshes/lower_forearm.stl,/home/eii/project/openpi0.5-rtc-reward-learning/external/ros2-essentials/aloha_ws/src/interbotix_ros_manipulators/interbotix_ros_xsarms/interbotix_xsarm_descriptions/meshes/aloha_vx300s_meshes/lower_forearm.stl,True,66814e27fa728056416e25e02e89eb7d34c51d51c51e7c3df873829037ddc6b8
follower_left,9,follower_left_lower_forearm_link,file:///home/eii/project/openpi0.5-rtc-reward-learning/external/ros2-essentials/aloha_ws/src/interbotix_ros_manipulators/interbotix_ros_xsarms/interbotix_xsarm_descriptions/meshes/aloha_vx300s_meshes/lower_forearm.stl,/home/eii/project/openpi0.5-rtc-reward-learning/external/ros2-essentials/aloha_ws/src/interbotix_ros_manipulators/interbotix_ros_xsarms/interbotix_xsarm_descriptions/meshes/aloha_vx300s_meshes/lower_forearm.stl,True,66814e27fa728056416e25e02e89eb7d34c51d51c51e7c3df873829037ddc6b8
follower_left,10,follower_left_wrist_link,file:///home/eii/project/openpi0.5-rtc-reward-learning/external/ros2-essentials/aloha_ws/src/interbotix_ros_manipulators/interbotix_ros_xsarms/interbotix_xsarm_descriptions/meshes/aloha_vx300s_meshes/wrist.stl,/home/eii/project/openpi0.5-rtc-reward-learning/external/ros2-essentials/aloha_ws/src/interbotix_ros_manipulators/interbotix_ros_xsarms/interbotix_xsarm_descriptions/meshes/aloha_vx300s_meshes/wrist.stl,True,90eb145c85627968c3776ae6de23ccff7e112c9dd713c46bc9acdfdaa859a048
follower_left,11,follower_left_wrist_link,file:///home/eii/project/openpi0.5-rtc-reward-learning/external/ros2-essentials/aloha_ws/src/interbotix_ros_manipulators/interbotix_ros_xsarms/interbotix_xsarm_descriptions/meshes/aloha_vx300s_meshes/wrist.stl,/home/eii/project/openpi0.5-rtc-reward-learning/external/ros2-essentials/aloha_ws/src/interbotix_ros_manipulators/interbotix_ros_xsarms/interbotix_xsarm_descriptions/meshes/aloha_vx300s_meshes/wrist.stl,True,90eb145c85627968c3776ae6de23ccff7e112c9dd713c46bc9acdfdaa859a048
follower_left,12,follower_left_gripper_link,file:///home/eii/project/openpi0.5-rtc-reward-learning/external/ros2-essentials/aloha_ws/src/interbotix_ros_manipulators/interbotix_ros_xsarms/interbotix_xsarm_descriptions/meshes/aloha_vx300s_meshes/gripper.stl,/home/eii/project/openpi0.5-rtc-reward-learning/external/ros2-essentials/aloha_ws/src/interbotix_ros_manipulators/interbotix_ros_xsarms/interbotix_xsarm_descriptions/meshes/aloha_vx300s_meshes/gripper.stl,True,786c1077bfd226f14219581b11d5f19464ca95b17132e0bb7532503568f5af90
follower_left,13,follower_left_gripper_link,file:///home/eii/project/openpi0.5-rtc-reward-learning/external/ros2-essentials/aloha_ws/src/interbotix_ros_manipulators/interbotix_ros_xsarms/interbotix_xsarm_descriptions/meshes/aloha_vx300s_meshes/gripper.stl,/home/eii/project/openpi0.5-rtc-reward-learning/external/ros2-essentials/aloha_ws/src/interbotix_ros_manipulators/interbotix_ros_xsarms/interbotix_xsarm_descriptions/meshes/aloha_vx300s_meshes/gripper.stl,True,786c1077bfd226f14219581b11d5f19464ca95b17132e0bb7532503568f5af90
follower_left,14,follower_left_gripper_prop_link,file:///home/eii/project/openpi0.5-rtc-reward-learning/external/ros2-essentials/aloha_ws/src/interbotix_ros_manipulators/interbotix_ros_xsarms/interbotix_xsarm_descriptions/meshes/aloha_vx300s_meshes/gripper_prop.stl,/home/eii/project/openpi0.5-rtc-reward-learning/external/ros2-essentials/aloha_ws/src/interbotix_ros_manipulators/interbotix_ros_xsarms/interbotix_xsarm_descriptions/meshes/aloha_vx300s_meshes/gripper_prop.stl,True,d1275a93fe2157c83dbc095617fb7e672888bdd48ec070a35ef4ab9ebd9755b0
follower_left,15,follower_left_gripper_prop_link,file:///home/eii/project/openpi0.5-rtc-reward-learning/external/ros2-essentials/aloha_ws/src/interbotix_ros_manipulators/interbotix_ros_xsarms/interbotix_xsarm_descriptions/meshes/aloha_vx300s_meshes/gripper_prop.stl,/home/eii/project/openpi0.5-rtc-reward-learning/external/ros2-essentials/aloha_ws/src/interbotix_ros_manipulators/interbotix_ros_xsarms/interbotix_xsarm_descriptions/meshes/aloha_vx300s_meshes/gripper_prop.stl,True,d1275a93fe2157c83dbc095617fb7e672888bdd48ec070a35ef4ab9ebd9755b0
follower_left,16,follower_left_gripper_bar_link,file:///home/eii/project/openpi0.5-rtc-reward-learning/external/ros2-essentials/aloha_ws/src/interbotix_ros_manipulators/interbotix_ros_xsarms/interbotix_xsarm_descriptions/meshes/aloha_vx300s_meshes/gripper_bar.stl,/home/eii/project/openpi0.5-rtc-reward-learning/external/ros2-essentials/aloha_ws/src/interbotix_ros_manipulators/interbotix_ros_xsarms/interbotix_xsarm_descriptions/meshes/aloha_vx300s_meshes/gripper_bar.stl,True,a4de62c9a2ed2c78433010e4c05530a1254b1774a7651967f406120c9bf8973e
follower_left,17,follower_left_gripper_bar_link,file:///home/eii/project/openpi0.5-rtc-reward-learning/external/ros2-essentials/aloha_ws/src/interbotix_ros_manipulators/interbotix_ros_xsarms/interbotix_xsarm_descriptions/meshes/aloha_vx300s_meshes/gripper_bar.stl,/home/eii/project/openpi0.5-rtc-reward-learning/external/ros2-essentials/aloha_ws/src/interbotix_ros_manipulators/interbotix_ros_xsarms/interbotix_xsarm_descriptions/meshes/aloha_vx300s_meshes/gripper_bar.stl,True,a4de62c9a2ed2c78433010e4c05530a1254b1774a7651967f406120c9bf8973e
follower_left,18,follower_left_left_finger_link,file:///home/eii/project/openpi0.5-rtc-reward-learning/external/ros2-essentials/aloha_ws/src/interbotix_ros_manipulators/interbotix_ros_xsarms/interbotix_xsarm_descriptions/meshes/aloha_vx300s_meshes/gripper_finger.stl,/home/eii/project/openpi0.5-rtc-reward-learning/external/ros2-essentials/aloha_ws/src/interbotix_ros_manipulators/interbotix_ros_xsarms/interbotix_xsarm_descriptions/meshes/aloha_vx300s_meshes/gripper_finger.stl,True,a4baacd9a64df1be60ea5e98f50f3c660e1b7a1fe9684aace6004c5058c09483
follower_left,19,follower_left_left_finger_link,file:///home/eii/project/openpi0.5-rtc-reward-learning/external/ros2-essentials/aloha_ws/src/interbotix_ros_manipulators/interbotix_ros_xsarms/interbotix_xsarm_descriptions/meshes/aloha_vx300s_meshes/gripper_finger.stl,/home/eii/project/openpi0.5-rtc-reward-learning/external/ros2-essentials/aloha_ws/src/interbotix_ros_manipulators/interbotix_ros_xsarms/interbotix_xsarm_descriptions/meshes/aloha_vx300s_meshes/gripper_finger.stl,True,a4baacd9a64df1be60ea5e98f50f3c660e1b7a1fe9684aace6004c5058c09483
follower_left,20,follower_left_right_finger_link,file:///home/eii/project/openpi0.5-rtc-reward-learning/external/ros2-essentials/aloha_ws/src/interbotix_ros_manipulators/interbotix_ros_xsarms/interbotix_xsarm_descriptions/meshes/aloha_vx300s_meshes/gripper_finger.stl,/home/eii/project/openpi0.5-rtc-reward-learning/external/ros2-essentials/aloha_ws/src/interbotix_ros_manipulators/interbotix_ros_xsarms/interbotix_xsarm_descriptions/meshes/aloha_vx300s_meshes/gripper_finger.stl,True,a4baacd9a64df1be60ea5e98f50f3c660e1b7a1fe9684aace6004c5058c09483
follower_left,21,follower_left_right_finger_link,file:///home/eii/project/openpi0.5-rtc-reward-learning/external/ros2-essentials/aloha_ws/src/interbotix_ros_manipulators/interbotix_ros_xsarms/interbotix_xsarm_descriptions/meshes/aloha_vx300s_meshes/gripper_finger.stl,/home/eii/project/openpi0.5-rtc-reward-learning/external/ros2-essentials/aloha_ws/src/interbotix_ros_manipulators/interbotix_ros_xsarms/interbotix_xsarm_descriptions/meshes/aloha_vx300s_meshes/gripper_finger.stl,True,a4baacd9a64df1be60ea5e98f50f3c660e1b7a1fe9684aace6004c5058c09483
follower_right,0,follower_right_base_link,file:///home/eii/project/openpi0.5-rtc-reward-learning/external/ros2-essentials/aloha_ws/src/interbotix_ros_manipulators/interbotix_ros_xsarms/interbotix_xsarm_descriptions/meshes/aloha_vx300s_meshes/base.stl,/home/eii/project/openpi0.5-rtc-reward-learning/external/ros2-essentials/aloha_ws/src/interbotix_ros_manipulators/interbotix_ros_xsarms/interbotix_xsarm_descriptions/meshes/aloha_vx300s_meshes/base.stl,True,d100cafe656671ca8fde98fb6a4cf2d1b746995c51c61c25ad9ea2715635d146
follower_right,1,follower_right_base_link,file:///home/eii/project/openpi0.5-rtc-reward-learning/external/ros2-essentials/aloha_ws/src/interbotix_ros_manipulators/interbotix_ros_xsarms/interbotix_xsarm_descriptions/meshes/aloha_vx300s_meshes/base.stl,/home/eii/project/openpi0.5-rtc-reward-learning/external/ros2-essentials/aloha_ws/src/interbotix_ros_manipulators/interbotix_ros_xsarms/interbotix_xsarm_descriptions/meshes/aloha_vx300s_meshes/base.stl,True,d100cafe656671ca8fde98fb6a4cf2d1b746995c51c61c25ad9ea2715635d146
follower_right,2,follower_right_shoulder_link,file:///home/eii/project/openpi0.5-rtc-reward-learning/external/ros2-essentials/aloha_ws/src/interbotix_ros_manipulators/interbotix_ros_xsarms/interbotix_xsarm_descriptions/meshes/aloha_vx300s_meshes/shoulder.stl,/home/eii/project/openpi0.5-rtc-reward-learning/external/ros2-essentials/aloha_ws/src/interbotix_ros_manipulators/interbotix_ros_xsarms/interbotix_xsarm_descriptions/meshes/aloha_vx300s_meshes/shoulder.stl,True,139745a74055cb0b23430bb5bc032bf68cf7bea5e4975c8f4c04107ae005f7f0
follower_right,3,follower_right_shoulder_link,file:///home/eii/project/openpi0.5-rtc-reward-learning/external/ros2-essentials/aloha_ws/src/interbotix_ros_manipulators/interbotix_ros_xsarms/interbotix_xsarm_descriptions/meshes/aloha_vx300s_meshes/shoulder.stl,/home/eii/project/openpi0.5-rtc-reward-learning/external/ros2-essentials/aloha_ws/src/interbotix_ros_manipulators/interbotix_ros_xsarms/interbotix_xsarm_descriptions/meshes/aloha_vx300s_meshes/shoulder.stl,True,139745a74055cb0b23430bb5bc032bf68cf7bea5e4975c8f4c04107ae005f7f0
follower_right,4,follower_right_upper_arm_link,file:///home/eii/project/openpi0.5-rtc-reward-learning/external/ros2-essentials/aloha_ws/src/interbotix_ros_manipulators/interbotix_ros_xsarms/interbotix_xsarm_descriptions/meshes/aloha_vx300s_meshes/upper_arm.stl,/home/eii/project/openpi0.5-rtc-reward-learning/external/ros2-essentials/aloha_ws/src/interbotix_ros_manipulators/interbotix_ros_xsarms/interbotix_xsarm_descriptions/meshes/aloha_vx300s_meshes/upper_arm.stl,True,900f236320dd3d500870c5fde763b2d47502d51e043a5c377875e70237108729
follower_right,5,follower_right_upper_arm_link,file:///home/eii/project/openpi0.5-rtc-reward-learning/external/ros2-essentials/aloha_ws/src/interbotix_ros_manipulators/interbotix_ros_xsarms/interbotix_xsarm_descriptions/meshes/aloha_vx300s_meshes/upper_arm.stl,/home/eii/project/openpi0.5-rtc-reward-learning/external/ros2-essentials/aloha_ws/src/interbotix_ros_manipulators/interbotix_ros_xsarms/interbotix_xsarm_descriptions/meshes/aloha_vx300s_meshes/upper_arm.stl,True,900f236320dd3d500870c5fde763b2d47502d51e043a5c377875e70237108729
follower_right,6,follower_right_upper_forearm_link,file:///home/eii/project/openpi0.5-rtc-reward-learning/external/ros2-essentials/aloha_ws/src/interbotix_ros_manipulators/interbotix_ros_xsarms/interbotix_xsarm_descriptions/meshes/aloha_vx300s_meshes/upper_forearm.stl,/home/eii/project/openpi0.5-rtc-reward-learning/external/ros2-essentials/aloha_ws/src/interbotix_ros_manipulators/interbotix_ros_xsarms/interbotix_xsarm_descriptions/meshes/aloha_vx300s_meshes/upper_forearm.stl,True,4104fc54bbfb8a9b533029f1e7e3ade3d54d638372b3195daa0c98f57e0295b5
follower_right,7,follower_right_upper_forearm_link,file:///home/eii/project/openpi0.5-rtc-reward-learning/external/ros2-essentials/aloha_ws/src/interbotix_ros_manipulators/interbotix_ros_xsarms/interbotix_xsarm_descriptions/meshes/aloha_vx300s_meshes/upper_forearm.stl,/home/eii/project/openpi0.5-rtc-reward-learning/external/ros2-essentials/aloha_ws/src/interbotix_ros_manipulators/interbotix_ros_xsarms/interbotix_xsarm_descriptions/meshes/aloha_vx300s_meshes/upper_forearm.stl,True,4104fc54bbfb8a9b533029f1e7e3ade3d54d638372b3195daa0c98f57e0295b5
follower_right,8,follower_right_lower_forearm_link,file:///home/eii/project/openpi0.5-rtc-reward-learning/external/ros2-essentials/aloha_ws/src/interbotix_ros_manipulators/interbotix_ros_xsarms/interbotix_xsarm_descriptions/meshes/aloha_vx300s_meshes/lower_forearm.stl,/home/eii/project/openpi0.5-rtc-reward-learning/external/ros2-essentials/aloha_ws/src/interbotix_ros_manipulators/interbotix_ros_xsarms/interbotix_xsarm_descriptions/meshes/aloha_vx300s_meshes/lower_forearm.stl,True,66814e27fa728056416e25e02e89eb7d34c51d51c51e7c3df873829037ddc6b8
follower_right,9,follower_right_lower_forearm_link,file:///home/eii/project/openpi0.5-rtc-reward-learning/external/ros2-essentials/aloha_ws/src/interbotix_ros_manipulators/interbotix_ros_xsarms/interbotix_xsarm_descriptions/meshes/aloha_vx300s_meshes/lower_forearm.stl,/home/eii/project/openpi0.5-rtc-reward-learning/external/ros2-essentials/aloha_ws/src/interbotix_ros_manipulators/interbotix_ros_xsarms/interbotix_xsarm_descriptions/meshes/aloha_vx300s_meshes/lower_forearm.stl,True,66814e27fa728056416e25e02e89eb7d34c51d51c51e7c3df873829037ddc6b8
follower_right,10,follower_right_wrist_link,file:///home/eii/project/openpi0.5-rtc-reward-learning/external/ros2-essentials/aloha_ws/src/interbotix_ros_manipulators/interbotix_ros_xsarms/interbotix_xsarm_descriptions/meshes/aloha_vx300s_meshes/wrist.stl,/home/eii/project/openpi0.5-rtc-reward-learning/external/ros2-essentials/aloha_ws/src/interbotix_ros_manipulators/interbotix_ros_xsarms/interbotix_xsarm_descriptions/meshes/aloha_vx300s_meshes/wrist.stl,True,90eb145c85627968c3776ae6de23ccff7e112c9dd713c46bc9acdfdaa859a048
follower_right,11,follower_right_wrist_link,file:///home/eii/project/openpi0.5-rtc-reward-learning/external/ros2-essentials/aloha_ws/src/interbotix_ros_manipulators/interbotix_ros_xsarms/interbotix_xsarm_descriptions/meshes/aloha_vx300s_meshes/wrist.stl,/home/eii/project/openpi0.5-rtc-reward-learning/external/ros2-essentials/aloha_ws/src/interbotix_ros_manipulators/interbotix_ros_xsarms/interbotix_xsarm_descriptions/meshes/aloha_vx300s_meshes/wrist.stl,True,90eb145c85627968c3776ae6de23ccff7e112c9dd713c46bc9acdfdaa859a048
follower_right,12,follower_right_gripper_link,file:///home/eii/project/openpi0.5-rtc-reward-learning/external/ros2-essentials/aloha_ws/src/interbotix_ros_manipulators/interbotix_ros_xsarms/interbotix_xsarm_descriptions/meshes/aloha_vx300s_meshes/gripper.stl,/home/eii/project/openpi0.5-rtc-reward-learning/external/ros2-essentials/aloha_ws/src/interbotix_ros_manipulators/interbotix_ros_xsarms/interbotix_xsarm_descriptions/meshes/aloha_vx300s_meshes/gripper.stl,True,786c1077bfd226f14219581b11d5f19464ca95b17132e0bb7532503568f5af90
follower_right,13,follower_right_gripper_link,file:///home/eii/project/openpi0.5-rtc-reward-learning/external/ros2-essentials/aloha_ws/src/interbotix_ros_manipulators/interbotix_ros_xsarms/interbotix_xsarm_descriptions/meshes/aloha_vx300s_meshes/gripper.stl,/home/eii/project/openpi0.5-rtc-reward-learning/external/ros2-essentials/aloha_ws/src/interbotix_ros_manipulators/interbotix_ros_xsarms/interbotix_xsarm_descriptions/meshes/aloha_vx300s_meshes/gripper.stl,True,786c1077bfd226f14219581b11d5f19464ca95b17132e0bb7532503568f5af90
follower_right,14,follower_right_gripper_prop_link,file:///home/eii/project/openpi0.5-rtc-reward-learning/external/ros2-essentials/aloha_ws/src/interbotix_ros_manipulators/interbotix_ros_xsarms/interbotix_xsarm_descriptions/meshes/aloha_vx300s_meshes/gripper_prop.stl,/home/eii/project/openpi0.5-rtc-reward-learning/external/ros2-essentials/aloha_ws/src/interbotix_ros_manipulators/interbotix_ros_xsarms/interbotix_xsarm_descriptions/meshes/aloha_vx300s_meshes/gripper_prop.stl,True,d1275a93fe2157c83dbc095617fb7e672888bdd48ec070a35ef4ab9ebd9755b0
follower_right,15,follower_right_gripper_prop_link,file:///home/eii/project/openpi0.5-rtc-reward-learning/external/ros2-essentials/aloha_ws/src/interbotix_ros_manipulators/interbotix_ros_xsarms/interbotix_xsarm_descriptions/meshes/aloha_vx300s_meshes/gripper_prop.stl,/home/eii/project/openpi0.5-rtc-reward-learning/external/ros2-essentials/aloha_ws/src/interbotix_ros_manipulators/interbotix_ros_xsarms/interbotix_xsarm_descriptions/meshes/aloha_vx300s_meshes/gripper_prop.stl,True,d1275a93fe2157c83dbc095617fb7e672888bdd48ec070a35ef4ab9ebd9755b0
follower_right,16,follower_right_gripper_bar_link,file:///home/eii/project/openpi0.5-rtc-reward-learning/external/ros2-essentials/aloha_ws/src/interbotix_ros_manipulators/interbotix_ros_xsarms/interbotix_xsarm_descriptions/meshes/aloha_vx300s_meshes/gripper_bar.stl,/home/eii/project/openpi0.5-rtc-reward-learning/external/ros2-essentials/aloha_ws/src/interbotix_ros_manipulators/interbotix_ros_xsarms/interbotix_xsarm_descriptions/meshes/aloha_vx300s_meshes/gripper_bar.stl,True,a4de62c9a2ed2c78433010e4c05530a1254b1774a7651967f406120c9bf8973e
follower_right,17,follower_right_gripper_bar_link,file:///home/eii/project/openpi0.5-rtc-reward-learning/external/ros2-essentials/aloha_ws/src/interbotix_ros_manipulators/interbotix_ros_xsarms/interbotix_xsarm_descriptions/meshes/aloha_vx300s_meshes/gripper_bar.stl,/home/eii/project/openpi0.5-rtc-reward-learning/external/ros2-essentials/aloha_ws/src/interbotix_ros_manipulators/interbotix_ros_xsarms/interbotix_xsarm_descriptions/meshes/aloha_vx300s_meshes/gripper_bar.stl,True,a4de62c9a2ed2c78433010e4c05530a1254b1774a7651967f406120c9bf8973e
follower_right,18,follower_right_left_finger_link,file:///home/eii/project/openpi0.5-rtc-reward-learning/external/ros2-essentials/aloha_ws/src/interbotix_ros_manipulators/interbotix_ros_xsarms/interbotix_xsarm_descriptions/meshes/aloha_vx300s_meshes/gripper_finger.stl,/home/eii/project/openpi0.5-rtc-reward-learning/external/ros2-essentials/aloha_ws/src/interbotix_ros_manipulators/interbotix_ros_xsarms/interbotix_xsarm_descriptions/meshes/aloha_vx300s_meshes/gripper_finger.stl,True,a4baacd9a64df1be60ea5e98f50f3c660e1b7a1fe9684aace6004c5058c09483
follower_right,19,follower_right_left_finger_link,file:///home/eii/project/openpi0.5-rtc-reward-learning/external/ros2-essentials/aloha_ws/src/interbotix_ros_manipulators/interbotix_ros_xsarms/interbotix_xsarm_descriptions/meshes/aloha_vx300s_meshes/gripper_finger.stl,/home/eii/project/openpi0.5-rtc-reward-learning/external/ros2-essentials/aloha_ws/src/interbotix_ros_manipulators/interbotix_ros_xsarms/interbotix_xsarm_descriptions/meshes/aloha_vx300s_meshes/gripper_finger.stl,True,a4baacd9a64df1be60ea5e98f50f3c660e1b7a1fe9684aace6004c5058c09483
follower_right,20,follower_right_right_finger_link,file:///home/eii/project/openpi0.5-rtc-reward-learning/external/ros2-essentials/aloha_ws/src/interbotix_ros_manipulators/interbotix_ros_xsarms/interbotix_xsarm_descriptions/meshes/aloha_vx300s_meshes/gripper_finger.stl,/home/eii/project/openpi0.5-rtc-reward-learning/external/ros2-essentials/aloha_ws/src/interbotix_ros_manipulators/interbotix_ros_xsarms/interbotix_xsarm_descriptions/meshes/aloha_vx300s_meshes/gripper_finger.stl,True,a4baacd9a64df1be60ea5e98f50f3c660e1b7a1fe9684aace6004c5058c09483
follower_right,21,follower_right_right_finger_link,file:///home/eii/project/openpi0.5-rtc-reward-learning/external/ros2-essentials/aloha_ws/src/interbotix_ros_manipulators/interbotix_ros_xsarms/interbotix_xsarm_descriptions/meshes/aloha_vx300s_meshes/gripper_finger.stl,/home/eii/project/openpi0.5-rtc-reward-learning/external/ros2-essentials/aloha_ws/src/interbotix_ros_manipulators/interbotix_ros_xsarms/interbotix_xsarm_descriptions/meshes/aloha_vx300s_meshes/gripper_finger.stl,True,a4baacd9a64df1be60ea5e98f50f3c660e1b7a1fe9684aace6004c5058c09483
leader_left,0,leader_left_base_link,file:///home/eii/project/openpi0.5-rtc-reward-learning/external/ros2-essentials/aloha_ws/src/interbotix_ros_manipulators/interbotix_ros_xsarms/interbotix_xsarm_descriptions/meshes/aloha_wx250s_meshes/base.stl,/home/eii/project/openpi0.5-rtc-reward-learning/external/ros2-essentials/aloha_ws/src/interbotix_ros_manipulators/interbotix_ros_xsarms/interbotix_xsarm_descriptions/meshes/aloha_wx250s_meshes/base.stl,True,69facd590abff70fa03431497ead2c7f1aabe616d55af594288e9bf36b1fd067
leader_left,1,leader_left_base_link,file:///home/eii/project/openpi0.5-rtc-reward-learning/external/ros2-essentials/aloha_ws/src/interbotix_ros_manipulators/interbotix_ros_xsarms/interbotix_xsarm_descriptions/meshes/aloha_wx250s_meshes/base.stl,/home/eii/project/openpi0.5-rtc-reward-learning/external/ros2-essentials/aloha_ws/src/interbotix_ros_manipulators/interbotix_ros_xsarms/interbotix_xsarm_descriptions/meshes/aloha_wx250s_meshes/base.stl,True,69facd590abff70fa03431497ead2c7f1aabe616d55af594288e9bf36b1fd067
leader_left,2,leader_left_shoulder_link,file:///home/eii/project/openpi0.5-rtc-reward-learning/external/ros2-essentials/aloha_ws/src/interbotix_ros_manipulators/interbotix_ros_xsarms/interbotix_xsarm_descriptions/meshes/aloha_wx250s_meshes/shoulder.stl,/home/eii/project/openpi0.5-rtc-reward-learning/external/ros2-essentials/aloha_ws/src/interbotix_ros_manipulators/interbotix_ros_xsarms/interbotix_xsarm_descriptions/meshes/aloha_wx250s_meshes/shoulder.stl,True,337b4cb7e9b637ee3dca6a737becf831fe5f95b790b34f9a97e5cf11475fc222
leader_left,3,leader_left_shoulder_link,file:///home/eii/project/openpi0.5-rtc-reward-learning/external/ros2-essentials/aloha_ws/src/interbotix_ros_manipulators/interbotix_ros_xsarms/interbotix_xsarm_descriptions/meshes/aloha_wx250s_meshes/shoulder.stl,/home/eii/project/openpi0.5-rtc-reward-learning/external/ros2-essentials/aloha_ws/src/interbotix_ros_manipulators/interbotix_ros_xsarms/interbotix_xsarm_descriptions/meshes/aloha_wx250s_meshes/shoulder.stl,True,337b4cb7e9b637ee3dca6a737becf831fe5f95b790b34f9a97e5cf11475fc222
leader_left,4,leader_left_upper_arm_link,file:///home/eii/project/openpi0.5-rtc-reward-learning/external/ros2-essentials/aloha_ws/src/interbotix_ros_manipulators/interbotix_ros_xsarms/interbotix_xsarm_descriptions/meshes/aloha_wx250s_meshes/upper_arm.stl,/home/eii/project/openpi0.5-rtc-reward-learning/external/ros2-essentials/aloha_ws/src/interbotix_ros_manipulators/interbotix_ros_xsarms/interbotix_xsarm_descriptions/meshes/aloha_wx250s_meshes/upper_arm.stl,True,b4550b3a79e83d0ca9e1a65e490ff4e25b667e8a7d8e94bab441851c96eb11fa
leader_left,5,leader_left_upper_arm_link,file:///home/eii/project/openpi0.5-rtc-reward-learning/external/ros2-essentials/aloha_ws/src/interbotix_ros_manipulators/interbotix_ros_xsarms/interbotix_xsarm_descriptions/meshes/aloha_wx250s_meshes/upper_arm.stl,/home/eii/project/openpi0.5-rtc-reward-learning/external/ros2-essentials/aloha_ws/src/interbotix_ros_manipulators/interbotix_ros_xsarms/interbotix_xsarm_descriptions/meshes/aloha_wx250s_meshes/upper_arm.stl,True,b4550b3a79e83d0ca9e1a65e490ff4e25b667e8a7d8e94bab441851c96eb11fa
leader_left,6,leader_left_upper_forearm_link,file:///home/eii/project/openpi0.5-rtc-reward-learning/external/ros2-essentials/aloha_ws/src/interbotix_ros_manipulators/interbotix_ros_xsarms/interbotix_xsarm_descriptions/meshes/aloha_wx250s_meshes/upper_forearm.stl,/home/eii/project/openpi0.5-rtc-reward-learning/external/ros2-essentials/aloha_ws/src/interbotix_ros_manipulators/interbotix_ros_xsarms/interbotix_xsarm_descriptions/meshes/aloha_wx250s_meshes/upper_forearm.stl,True,1a64efc97dc129bc277afee75c129de27721e8fedcad45a4ec8b251f44542f23
leader_left,7,leader_left_upper_forearm_link,file:///home/eii/project/openpi0.5-rtc-reward-learning/external/ros2-essentials/aloha_ws/src/interbotix_ros_manipulators/interbotix_ros_xsarms/interbotix_xsarm_descriptions/meshes/aloha_wx250s_meshes/upper_forearm.stl,/home/eii/project/openpi0.5-rtc-reward-learning/external/ros2-essentials/aloha_ws/src/interbotix_ros_manipulators/interbotix_ros_xsarms/interbotix_xsarm_descriptions/meshes/aloha_wx250s_meshes/upper_forearm.stl,True,1a64efc97dc129bc277afee75c129de27721e8fedcad45a4ec8b251f44542f23
leader_left,8,leader_left_lower_forearm_link,file:///home/eii/project/openpi0.5-rtc-reward-learning/external/ros2-essentials/aloha_ws/src/interbotix_ros_manipulators/interbotix_ros_xsarms/interbotix_xsarm_descriptions/meshes/aloha_wx250s_meshes/lower_forearm.stl,/home/eii/project/openpi0.5-rtc-reward-learning/external/ros2-essentials/aloha_ws/src/interbotix_ros_manipulators/interbotix_ros_xsarms/interbotix_xsarm_descriptions/meshes/aloha_wx250s_meshes/lower_forearm.stl,True,1445950b7f5ce2cf374b98711df296acd6c2b4df24c3937b413bcb6beb037603
leader_left,9,leader_left_lower_forearm_link,file:///home/eii/project/openpi0.5-rtc-reward-learning/external/ros2-essentials/aloha_ws/src/interbotix_ros_manipulators/interbotix_ros_xsarms/interbotix_xsarm_descriptions/meshes/aloha_wx250s_meshes/lower_forearm.stl,/home/eii/project/openpi0.5-rtc-reward-learning/external/ros2-essentials/aloha_ws/src/interbotix_ros_manipulators/interbotix_ros_xsarms/interbotix_xsarm_descriptions/meshes/aloha_wx250s_meshes/lower_forearm.stl,True,1445950b7f5ce2cf374b98711df296acd6c2b4df24c3937b413bcb6beb037603
leader_left,10,leader_left_wrist_link,file:///home/eii/project/openpi0.5-rtc-reward-learning/external/ros2-essentials/aloha_ws/src/interbotix_ros_manipulators/interbotix_ros_xsarms/interbotix_xsarm_descriptions/meshes/aloha_wx250s_meshes/wrist.stl,/home/eii/project/openpi0.5-rtc-reward-learning/external/ros2-essentials/aloha_ws/src/interbotix_ros_manipulators/interbotix_ros_xsarms/interbotix_xsarm_descriptions/meshes/aloha_wx250s_meshes/wrist.stl,True,8602fe1313765caceec64faff5ec919ec09c57c614b87f1c1c625dcef1e3df5a
leader_left,11,leader_left_wrist_link,file:///home/eii/project/openpi0.5-rtc-reward-learning/external/ros2-essentials/aloha_ws/src/interbotix_ros_manipulators/interbotix_ros_xsarms/interbotix_xsarm_descriptions/meshes/aloha_wx250s_meshes/wrist.stl,/home/eii/project/openpi0.5-rtc-reward-learning/external/ros2-essentials/aloha_ws/src/interbotix_ros_manipulators/interbotix_ros_xsarms/interbotix_xsarm_descriptions/meshes/aloha_wx250s_meshes/wrist.stl,True,8602fe1313765caceec64faff5ec919ec09c57c614b87f1c1c625dcef1e3df5a
leader_left,12,leader_left_gripper_link,file:///home/eii/project/openpi0.5-rtc-reward-learning/external/ros2-essentials/aloha_ws/src/interbotix_ros_manipulators/interbotix_ros_xsarms/interbotix_xsarm_descriptions/meshes/aloha_wx250s_meshes/gripper.stl,/home/eii/project/openpi0.5-rtc-reward-learning/external/ros2-essentials/aloha_ws/src/interbotix_ros_manipulators/interbotix_ros_xsarms/interbotix_xsarm_descriptions/meshes/aloha_wx250s_meshes/gripper.stl,True,6dbc189d3787ca62e09a8cf3f928ceca70c5c184a95c97ac6587805aa6a1ec6d
leader_left,13,leader_left_gripper_link,file:///home/eii/project/openpi0.5-rtc-reward-learning/external/ros2-essentials/aloha_ws/src/interbotix_ros_manipulators/interbotix_ros_xsarms/interbotix_xsarm_descriptions/meshes/aloha_wx250s_meshes/gripper.stl,/home/eii/project/openpi0.5-rtc-reward-learning/external/ros2-essentials/aloha_ws/src/interbotix_ros_manipulators/interbotix_ros_xsarms/interbotix_xsarm_descriptions/meshes/aloha_wx250s_meshes/gripper.stl,True,6dbc189d3787ca62e09a8cf3f928ceca70c5c184a95c97ac6587805aa6a1ec6d
leader_left,14,leader_left_gripper_prop_link,file:///home/eii/project/openpi0.5-rtc-reward-learning/external/ros2-essentials/aloha_ws/src/interbotix_ros_manipulators/interbotix_ros_xsarms/interbotix_xsarm_descriptions/meshes/aloha_wx250s_meshes/gripper_prop.stl,/home/eii/project/openpi0.5-rtc-reward-learning/external/ros2-essentials/aloha_ws/src/interbotix_ros_manipulators/interbotix_ros_xsarms/interbotix_xsarm_descriptions/meshes/aloha_wx250s_meshes/gripper_prop.stl,True,30fcd807817b7c9df6275d2c8100cfe0e7786e2c65b574d22efe177520f1a316
leader_left,15,leader_left_gripper_prop_link,file:///home/eii/project/openpi0.5-rtc-reward-learning/external/ros2-essentials/aloha_ws/src/interbotix_ros_manipulators/interbotix_ros_xsarms/interbotix_xsarm_descriptions/meshes/aloha_wx250s_meshes/gripper_prop.stl,/home/eii/project/openpi0.5-rtc-reward-learning/external/ros2-essentials/aloha_ws/src/interbotix_ros_manipulators/interbotix_ros_xsarms/interbotix_xsarm_descriptions/meshes/aloha_wx250s_meshes/gripper_prop.stl,True,30fcd807817b7c9df6275d2c8100cfe0e7786e2c65b574d22efe177520f1a316
leader_left,16,leader_left_gripper_bar_link,file:///home/eii/project/openpi0.5-rtc-reward-learning/external/ros2-essentials/aloha_ws/src/interbotix_ros_manipulators/interbotix_ros_xsarms/interbotix_xsarm_descriptions/meshes/aloha_wx250s_meshes/gripper_bar.stl,/home/eii/project/openpi0.5-rtc-reward-learning/external/ros2-essentials/aloha_ws/src/interbotix_ros_manipulators/interbotix_ros_xsarms/interbotix_xsarm_descriptions/meshes/aloha_wx250s_meshes/gripper_bar.stl,True,b54601da3f60eea180226b695bb95a9b29b187f22f5b74d9a523ac9785d9a518
leader_left,17,leader_left_gripper_bar_link,file:///home/eii/project/openpi0.5-rtc-reward-learning/external/ros2-essentials/aloha_ws/src/interbotix_ros_manipulators/interbotix_ros_xsarms/interbotix_xsarm_descriptions/meshes/aloha_wx250s_meshes/gripper_bar.stl,/home/eii/project/openpi0.5-rtc-reward-learning/external/ros2-essentials/aloha_ws/src/interbotix_ros_manipulators/interbotix_ros_xsarms/interbotix_xsarm_descriptions/meshes/aloha_wx250s_meshes/gripper_bar.stl,True,b54601da3f60eea180226b695bb95a9b29b187f22f5b74d9a523ac9785d9a518
leader_left,18,leader_left_left_finger_link,file:///home/eii/project/openpi0.5-rtc-reward-learning/external/ros2-essentials/aloha_ws/src/interbotix_ros_manipulators/interbotix_ros_xsarms/interbotix_xsarm_descriptions/meshes/aloha_wx250s_meshes/gripper_finger.stl,/home/eii/project/openpi0.5-rtc-reward-learning/external/ros2-essentials/aloha_ws/src/interbotix_ros_manipulators/interbotix_ros_xsarms/interbotix_xsarm_descriptions/meshes/aloha_wx250s_meshes/gripper_finger.stl,True,6a459bd4ef07eb5c4687e258bd9564004e741437e2e668af7ed31964567d8f90
leader_left,19,leader_left_left_finger_link,file:///home/eii/project/openpi0.5-rtc-reward-learning/external/ros2-essentials/aloha_ws/src/interbotix_ros_manipulators/interbotix_ros_xsarms/interbotix_xsarm_descriptions/meshes/aloha_wx250s_meshes/gripper_finger.stl,/home/eii/project/openpi0.5-rtc-reward-learning/external/ros2-essentials/aloha_ws/src/interbotix_ros_manipulators/interbotix_ros_xsarms/interbotix_xsarm_descriptions/meshes/aloha_wx250s_meshes/gripper_finger.stl,True,6a459bd4ef07eb5c4687e258bd9564004e741437e2e668af7ed31964567d8f90
leader_left,20,leader_left_right_finger_link,file:///home/eii/project/openpi0.5-rtc-reward-learning/external/ros2-essentials/aloha_ws/src/interbotix_ros_manipulators/interbotix_ros_xsarms/interbotix_xsarm_descriptions/meshes/aloha_wx250s_meshes/gripper_finger.stl,/home/eii/project/openpi0.5-rtc-reward-learning/external/ros2-essentials/aloha_ws/src/interbotix_ros_manipulators/interbotix_ros_xsarms/interbotix_xsarm_descriptions/meshes/aloha_wx250s_meshes/gripper_finger.stl,True,6a459bd4ef07eb5c4687e258bd9564004e741437e2e668af7ed31964567d8f90
leader_left,21,leader_left_right_finger_link,file:///home/eii/project/openpi0.5-rtc-reward-learning/external/ros2-essentials/aloha_ws/src/interbotix_ros_manipulators/interbotix_ros_xsarms/interbotix_xsarm_descriptions/meshes/aloha_wx250s_meshes/gripper_finger.stl,/home/eii/project/openpi0.5-rtc-reward-learning/external/ros2-essentials/aloha_ws/src/interbotix_ros_manipulators/interbotix_ros_xsarms/interbotix_xsarm_descriptions/meshes/aloha_wx250s_meshes/gripper_finger.stl,True,6a459bd4ef07eb5c4687e258bd9564004e741437e2e668af7ed31964567d8f90
leader_right,0,leader_right_base_link,file:///home/eii/project/openpi0.5-rtc-reward-learning/external/ros2-essentials/aloha_ws/src/interbotix_ros_manipulators/interbotix_ros_xsarms/interbotix_xsarm_descriptions/meshes/aloha_wx250s_meshes/base.stl,/home/eii/project/openpi0.5-rtc-reward-learning/external/ros2-essentials/aloha_ws/src/interbotix_ros_manipulators/interbotix_ros_xsarms/interbotix_xsarm_descriptions/meshes/aloha_wx250s_meshes/base.stl,True,69facd590abff70fa03431497ead2c7f1aabe616d55af594288e9bf36b1fd067
leader_right,1,leader_right_base_link,file:///home/eii/project/openpi0.5-rtc-reward-learning/external/ros2-essentials/aloha_ws/src/interbotix_ros_manipulators/interbotix_ros_xsarms/interbotix_xsarm_descriptions/meshes/aloha_wx250s_meshes/base.stl,/home/eii/project/openpi0.5-rtc-reward-learning/external/ros2-essentials/aloha_ws/src/interbotix_ros_manipulators/interbotix_ros_xsarms/interbotix_xsarm_descriptions/meshes/aloha_wx250s_meshes/base.stl,True,69facd590abff70fa03431497ead2c7f1aabe616d55af594288e9bf36b1fd067
leader_right,2,leader_right_shoulder_link,file:///home/eii/project/openpi0.5-rtc-reward-learning/external/ros2-essentials/aloha_ws/src/interbotix_ros_manipulators/interbotix_ros_xsarms/interbotix_xsarm_descriptions/meshes/aloha_wx250s_meshes/shoulder.stl,/home/eii/project/openpi0.5-rtc-reward-learning/external/ros2-essentials/aloha_ws/src/interbotix_ros_manipulators/interbotix_ros_xsarms/interbotix_xsarm_descriptions/meshes/aloha_wx250s_meshes/shoulder.stl,True,337b4cb7e9b637ee3dca6a737becf831fe5f95b790b34f9a97e5cf11475fc222
leader_right,3,leader_right_shoulder_link,file:///home/eii/project/openpi0.5-rtc-reward-learning/external/ros2-essentials/aloha_ws/src/interbotix_ros_manipulators/interbotix_ros_xsarms/interbotix_xsarm_descriptions/meshes/aloha_wx250s_meshes/shoulder.stl,/home/eii/project/openpi0.5-rtc-reward-learning/external/ros2-essentials/aloha_ws/src/interbotix_ros_manipulators/interbotix_ros_xsarms/interbotix_xsarm_descriptions/meshes/aloha_wx250s_meshes/shoulder.stl,True,337b4cb7e9b637ee3dca6a737becf831fe5f95b790b34f9a97e5cf11475fc222
leader_right,4,leader_right_upper_arm_link,file:///home/eii/project/openpi0.5-rtc-reward-learning/external/ros2-essentials/aloha_ws/src/interbotix_ros_manipulators/interbotix_ros_xsarms/interbotix_xsarm_descriptions/meshes/aloha_wx250s_meshes/upper_arm.stl,/home/eii/project/openpi0.5-rtc-reward-learning/external/ros2-essentials/aloha_ws/src/interbotix_ros_manipulators/interbotix_ros_xsarms/interbotix_xsarm_descriptions/meshes/aloha_wx250s_meshes/upper_arm.stl,True,b4550b3a79e83d0ca9e1a65e490ff4e25b667e8a7d8e94bab441851c96eb11fa
leader_right,5,leader_right_upper_arm_link,file:///home/eii/project/openpi0.5-rtc-reward-learning/external/ros2-essentials/aloha_ws/src/interbotix_ros_manipulators/interbotix_ros_xsarms/interbotix_xsarm_descriptions/meshes/aloha_wx250s_meshes/upper_arm.stl,/home/eii/project/openpi0.5-rtc-reward-learning/external/ros2-essentials/aloha_ws/src/interbotix_ros_manipulators/interbotix_ros_xsarms/interbotix_xsarm_descriptions/meshes/aloha_wx250s_meshes/upper_arm.stl,True,b4550b3a79e83d0ca9e1a65e490ff4e25b667e8a7d8e94bab441851c96eb11fa
leader_right,6,leader_right_upper_forearm_link,file:///home/eii/project/openpi0.5-rtc-reward-learning/external/ros2-essentials/aloha_ws/src/interbotix_ros_manipulators/interbotix_ros_xsarms/interbotix_xsarm_descriptions/meshes/aloha_wx250s_meshes/upper_forearm.stl,/home/eii/project/openpi0.5-rtc-reward-learning/external/ros2-essentials/aloha_ws/src/interbotix_ros_manipulators/interbotix_ros_xsarms/interbotix_xsarm_descriptions/meshes/aloha_wx250s_meshes/upper_forearm.stl,True,1a64efc97dc129bc277afee75c129de27721e8fedcad45a4ec8b251f44542f23
leader_right,7,leader_right_upper_forearm_link,file:///home/eii/project/openpi0.5-rtc-reward-learning/external/ros2-essentials/aloha_ws/src/interbotix_ros_manipulators/interbotix_ros_xsarms/interbotix_xsarm_descriptions/meshes/aloha_wx250s_meshes/upper_forearm.stl,/home/eii/project/openpi0.5-rtc-reward-learning/external/ros2-essentials/aloha_ws/src/interbotix_ros_manipulators/interbotix_ros_xsarms/interbotix_xsarm_descriptions/meshes/aloha_wx250s_meshes/upper_forearm.stl,True,1a64efc97dc129bc277afee75c129de27721e8fedcad45a4ec8b251f44542f23
leader_right,8,leader_right_lower_forearm_link,file:///home/eii/project/openpi0.5-rtc-reward-learning/external/ros2-essentials/aloha_ws/src/interbotix_ros_manipulators/interbotix_ros_xsarms/interbotix_xsarm_descriptions/meshes/aloha_wx250s_meshes/lower_forearm.stl,/home/eii/project/openpi0.5-rtc-reward-learning/external/ros2-essentials/aloha_ws/src/interbotix_ros_manipulators/interbotix_ros_xsarms/interbotix_xsarm_descriptions/meshes/aloha_wx250s_meshes/lower_forearm.stl,True,1445950b7f5ce2cf374b98711df296acd6c2b4df24c3937b413bcb6beb037603
leader_right,9,leader_right_lower_forearm_link,file:///home/eii/project/openpi0.5-rtc-reward-learning/external/ros2-essentials/aloha_ws/src/interbotix_ros_manipulators/interbotix_ros_xsarms/interbotix_xsarm_descriptions/meshes/aloha_wx250s_meshes/lower_forearm.stl,/home/eii/project/openpi0.5-rtc-reward-learning/external/ros2-essentials/aloha_ws/src/interbotix_ros_manipulators/interbotix_ros_xsarms/interbotix_xsarm_descriptions/meshes/aloha_wx250s_meshes/lower_forearm.stl,True,1445950b7f5ce2cf374b98711df296acd6c2b4df24c3937b413bcb6beb037603
leader_right,10,leader_right_wrist_link,file:///home/eii/project/openpi0.5-rtc-reward-learning/external/ros2-essentials/aloha_ws/src/interbotix_ros_manipulators/interbotix_ros_xsarms/interbotix_xsarm_descriptions/meshes/aloha_wx250s_meshes/wrist.stl,/home/eii/project/openpi0.5-rtc-reward-learning/external/ros2-essentials/aloha_ws/src/interbotix_ros_manipulators/interbotix_ros_xsarms/interbotix_xsarm_descriptions/meshes/aloha_wx250s_meshes/wrist.stl,True,8602fe1313765caceec64faff5ec919ec09c57c614b87f1c1c625dcef1e3df5a
leader_right,11,leader_right_wrist_link,file:///home/eii/project/openpi0.5-rtc-reward-learning/external/ros2-essentials/aloha_ws/src/interbotix_ros_manipulators/interbotix_ros_xsarms/interbotix_xsarm_descriptions/meshes/aloha_wx250s_meshes/wrist.stl,/home/eii/project/openpi0.5-rtc-reward-learning/external/ros2-essentials/aloha_ws/src/interbotix_ros_manipulators/interbotix_ros_xsarms/interbotix_xsarm_descriptions/meshes/aloha_wx250s_meshes/wrist.stl,True,8602fe1313765caceec64faff5ec919ec09c57c614b87f1c1c625dcef1e3df5a
leader_right,12,leader_right_gripper_link,file:///home/eii/project/openpi0.5-rtc-reward-learning/external/ros2-essentials/aloha_ws/src/interbotix_ros_manipulators/interbotix_ros_xsarms/interbotix_xsarm_descriptions/meshes/aloha_wx250s_meshes/gripper.stl,/home/eii/project/openpi0.5-rtc-reward-learning/external/ros2-essentials/aloha_ws/src/interbotix_ros_manipulators/interbotix_ros_xsarms/interbotix_xsarm_descriptions/meshes/aloha_wx250s_meshes/gripper.stl,True,6dbc189d3787ca62e09a8cf3f928ceca70c5c184a95c97ac6587805aa6a1ec6d
leader_right,13,leader_right_gripper_link,file:///home/eii/project/openpi0.5-rtc-reward-learning/external/ros2-essentials/aloha_ws/src/interbotix_ros_manipulators/interbotix_ros_xsarms/interbotix_xsarm_descriptions/meshes/aloha_wx250s_meshes/gripper.stl,/home/eii/project/openpi0.5-rtc-reward-learning/external/ros2-essentials/aloha_ws/src/interbotix_ros_manipulators/interbotix_ros_xsarms/interbotix_xsarm_descriptions/meshes/aloha_wx250s_meshes/gripper.stl,True,6dbc189d3787ca62e09a8cf3f928ceca70c5c184a95c97ac6587805aa6a1ec6d
leader_right,14,leader_right_gripper_prop_link,file:///home/eii/project/openpi0.5-rtc-reward-learning/external/ros2-essentials/aloha_ws/src/interbotix_ros_manipulators/interbotix_ros_xsarms/interbotix_xsarm_descriptions/meshes/aloha_wx250s_meshes/gripper_prop.stl,/home/eii/project/openpi0.5-rtc-reward-learning/external/ros2-essentials/aloha_ws/src/interbotix_ros_manipulators/interbotix_ros_xsarms/interbotix_xsarm_descriptions/meshes/aloha_wx250s_meshes/gripper_prop.stl,True,30fcd807817b7c9df6275d2c8100cfe0e7786e2c65b574d22efe177520f1a316
leader_right,15,leader_right_gripper_prop_link,file:///home/eii/project/openpi0.5-rtc-reward-learning/external/ros2-essentials/aloha_ws/src/interbotix_ros_manipulators/interbotix_ros_xsarms/interbotix_xsarm_descriptions/meshes/aloha_wx250s_meshes/gripper_prop.stl,/home/eii/project/openpi0.5-rtc-reward-learning/external/ros2-essentials/aloha_ws/src/interbotix_ros_manipulators/interbotix_ros_xsarms/interbotix_xsarm_descriptions/meshes/aloha_wx250s_meshes/gripper_prop.stl,True,30fcd807817b7c9df6275d2c8100cfe0e7786e2c65b574d22efe177520f1a316
leader_right,16,leader_right_gripper_bar_link,file:///home/eii/project/openpi0.5-rtc-reward-learning/external/ros2-essentials/aloha_ws/src/interbotix_ros_manipulators/interbotix_ros_xsarms/interbotix_xsarm_descriptions/meshes/aloha_wx250s_meshes/gripper_bar.stl,/home/eii/project/openpi0.5-rtc-reward-learning/external/ros2-essentials/aloha_ws/src/interbotix_ros_manipulators/interbotix_ros_xsarms/interbotix_xsarm_descriptions/meshes/aloha_wx250s_meshes/gripper_bar.stl,True,b54601da3f60eea180226b695bb95a9b29b187f22f5b74d9a523ac9785d9a518
leader_right,17,leader_right_gripper_bar_link,file:///home/eii/project/openpi0.5-rtc-reward-learning/external/ros2-essentials/aloha_ws/src/interbotix_ros_manipulators/interbotix_ros_xsarms/interbotix_xsarm_descriptions/meshes/aloha_wx250s_meshes/gripper_bar.stl,/home/eii/project/openpi0.5-rtc-reward-learning/external/ros2-essentials/aloha_ws/src/interbotix_ros_manipulators/interbotix_ros_xsarms/interbotix_xsarm_descriptions/meshes/aloha_wx250s_meshes/gripper_bar.stl,True,b54601da3f60eea180226b695bb95a9b29b187f22f5b74d9a523ac9785d9a518
leader_right,18,leader_right_left_finger_link,file:///home/eii/project/openpi0.5-rtc-reward-learning/external/ros2-essentials/aloha_ws/src/interbotix_ros_manipulators/interbotix_ros_xsarms/interbotix_xsarm_descriptions/meshes/aloha_wx250s_meshes/gripper_finger.stl,/home/eii/project/openpi0.5-rtc-reward-learning/external/ros2-essentials/aloha_ws/src/interbotix_ros_manipulators/interbotix_ros_xsarms/interbotix_xsarm_descriptions/meshes/aloha_wx250s_meshes/gripper_finger.stl,True,6a459bd4ef07eb5c4687e258bd9564004e741437e2e668af7ed31964567d8f90
leader_right,19,leader_right_left_finger_link,file:///home/eii/project/openpi0.5-rtc-reward-learning/external/ros2-essentials/aloha_ws/src/interbotix_ros_manipulators/interbotix_ros_xsarms/interbotix_xsarm_descriptions/meshes/aloha_wx250s_meshes/gripper_finger.stl,/home/eii/project/openpi0.5-rtc-reward-learning/external/ros2-essentials/aloha_ws/src/interbotix_ros_manipulators/interbotix_ros_xsarms/interbotix_xsarm_descriptions/meshes/aloha_wx250s_meshes/gripper_finger.stl,True,6a459bd4ef07eb5c4687e258bd9564004e741437e2e668af7ed31964567d8f90
leader_right,20,leader_right_right_finger_link,file:///home/eii/project/openpi0.5-rtc-reward-learning/external/ros2-essentials/aloha_ws/src/interbotix_ros_manipulators/interbotix_ros_xsarms/interbotix_xsarm_descriptions/meshes/aloha_wx250s_meshes/gripper_finger.stl,/home/eii/project/openpi0.5-rtc-reward-learning/external/ros2-essentials/aloha_ws/src/interbotix_ros_manipulators/interbotix_ros_xsarms/interbotix_xsarm_descriptions/meshes/aloha_wx250s_meshes/gripper_finger.stl,True,6a459bd4ef07eb5c4687e258bd9564004e741437e2e668af7ed31964567d8f90
leader_right,21,leader_right_right_finger_link,file:///home/eii/project/openpi0.5-rtc-reward-learning/external/ros2-essentials/aloha_ws/src/interbotix_ros_manipulators/interbotix_ros_xsarms/interbotix_xsarm_descriptions/meshes/aloha_wx250s_meshes/gripper_finger.stl,/home/eii/project/openpi0.5-rtc-reward-learning/external/ros2-essentials/aloha_ws/src/interbotix_ros_manipulators/interbotix_ros_xsarms/interbotix_xsarm_descriptions/meshes/aloha_wx250s_meshes/gripper_finger.stl,True,6a459bd4ef07eb5c4687e258bd9564004e741437e2e668af7ed31964567d8f90
